tool	fpr	tpr	threshold	summary
virusseeker	0.0	0.0	1.99	NA
virusseeker	0.0	0.017	0.99	NA
virusseeker	0.0	0.063	0.98	NA
virusseeker	0.0	0.12	0.97	NA
virusseeker	0.001	0.189	0.96	NA
virusseeker	0.001	0.269	0.95	NA
virusseeker	0.001	0.335	0.94	NA
virusseeker	0.001	0.409	0.93	NA
virusseeker	0.002	0.459	0.92	NA
virusseeker	0.002	0.496	0.91	NA
virusseeker	0.002	0.535	0.9	NA
virusseeker	0.004	0.558	0.89	NA
virusseeker	0.005	0.58	0.88	NA
virusseeker	0.006	0.598	0.87	NA
virusseeker	0.007	0.608	0.86	NA
virusseeker	0.009	0.617	0.85	NA
virusseeker	0.012	0.632	0.84	NA
virusseeker	0.014	0.639	0.83	NA
virusseeker	0.017	0.649	0.82	NA
virusseeker	0.018	0.658	0.81	NA
virusseeker	0.021	0.665	0.8	NA
virusseeker	0.024	0.673	0.79	NA
virusseeker	0.027	0.682	0.78	NA
virusseeker	0.031	0.687	0.77	NA
virusseeker	0.036	0.695	0.76	NA
virusseeker	0.041	0.702	0.75	NA
virusseeker	0.047	0.711	0.74	NA
virusseeker	0.053	0.717	0.73	NA
virusseeker	0.058	0.721	0.72	NA
virusseeker	0.068	0.729	0.71	NA
virusseeker	0.077	0.735	0.7	NA
virusseeker	0.084	0.741	0.69	NA
virusseeker	0.094	0.75	0.68	NA
virusseeker	0.102	0.757	0.67	NA
virusseeker	0.11	0.763	0.66	NA
virusseeker	0.12	0.769	0.65	NA
virusseeker	0.13	0.775	0.64	NA
virusseeker	0.141	0.782	0.63	NA
virusseeker	0.153	0.788	0.62	NA
virusseeker	0.165	0.794	0.61	NA
virusseeker	0.179	0.802	0.6	NA
virusseeker	0.193	0.808	0.59	NA
virusseeker	0.209	0.811	0.58	NA
virusseeker	0.222	0.816	0.57	NA
virusseeker	0.24	0.818	0.56	NA
virusseeker	0.257	0.822	0.55	NA
virusseeker	0.276	0.826	0.54	NA
virusseeker	0.293	0.829	0.53	NA
virusseeker	0.309	0.833	0.52	NA
virusseeker	0.327	0.836	0.51	NA
virusseeker	0.337	0.837	0.5	NA
virusseeker	1.0	1.0	0.0	NA
virfinder	0.0	0.0	2.0	NA
virfinder	0.0	0.061	1.0	NA
virfinder	0.001	0.171	0.99	NA
virfinder	0.002	0.256	0.98	NA
virfinder	0.003	0.316	0.97	NA
virfinder	0.003	0.364	0.96	NA
virfinder	0.004	0.405	0.95	NA
virfinder	0.005	0.434	0.94	NA
virfinder	0.006	0.46	0.93	NA
virfinder	0.007	0.489	0.92	NA
virfinder	0.008	0.512	0.91	NA
virfinder	0.011	0.532	0.9	NA
virfinder	0.012	0.555	0.89	NA
virfinder	0.012	0.572	0.88	NA
virfinder	0.014	0.587	0.87	NA
virfinder	0.015	0.601	0.86	NA
virfinder	0.017	0.613	0.85	NA
virfinder	0.019	0.624	0.84	NA
virfinder	0.021	0.637	0.83	NA
virfinder	0.023	0.65	0.82	NA
virfinder	0.025	0.66	0.81	NA
virfinder	0.027	0.671	0.8	NA
virfinder	0.028	0.681	0.79	NA
virfinder	0.031	0.693	0.78	NA
virfinder	0.033	0.703	0.77	NA
virfinder	0.036	0.709	0.76	NA
virfinder	0.039	0.716	0.75	NA
virfinder	0.041	0.724	0.74	NA
virfinder	0.044	0.736	0.73	NA
virfinder	0.047	0.744	0.72	NA
virfinder	0.049	0.752	0.71	NA
virfinder	0.052	0.759	0.7	NA
virfinder	0.056	0.765	0.69	NA
virfinder	0.06	0.77	0.68	NA
virfinder	0.065	0.777	0.67	NA
virfinder	0.069	0.782	0.66	NA
virfinder	0.074	0.788	0.65	NA
virfinder	0.077	0.795	0.64	NA
virfinder	0.082	0.798	0.63	NA
virfinder	0.088	0.804	0.62	NA
virfinder	0.091	0.811	0.61	NA
virfinder	0.094	0.814	0.6	NA
virfinder	0.098	0.818	0.59	NA
virfinder	0.103	0.824	0.58	NA
virfinder	0.107	0.828	0.57	NA
virfinder	0.114	0.833	0.56	NA
virfinder	0.119	0.839	0.55	NA
virfinder	0.123	0.844	0.54	NA
virfinder	0.127	0.85	0.53	NA
virfinder	0.132	0.857	0.52	NA
virfinder	0.138	0.861	0.51	NA
virfinder	0.145	0.865	0.5	NA
virfinder	0.149	0.868	0.49	NA
virfinder	0.154	0.873	0.48	NA
virfinder	0.16	0.878	0.47	NA
virfinder	0.167	0.882	0.46	NA
virfinder	0.174	0.884	0.45	NA
virfinder	0.181	0.887	0.44	NA
virfinder	0.189	0.892	0.43	NA
virfinder	0.197	0.895	0.42	NA
virfinder	0.206	0.901	0.41	NA
virfinder	0.213	0.902	0.4	NA
virfinder	0.22	0.908	0.39	NA
virfinder	0.229	0.912	0.38	NA
virfinder	0.237	0.915	0.37	NA
virfinder	0.244	0.922	0.36	NA
virfinder	0.254	0.925	0.35	NA
virfinder	0.265	0.928	0.34	NA
virfinder	0.274	0.93	0.33	NA
virfinder	0.285	0.932	0.32	NA
virfinder	0.295	0.937	0.31	NA
virfinder	0.306	0.938	0.3	NA
virfinder	0.316	0.942	0.29	NA
virfinder	0.328	0.945	0.28	NA
virfinder	0.343	0.948	0.27	NA
virfinder	0.355	0.95	0.26	NA
virfinder	0.368	0.955	0.25	NA
virfinder	0.381	0.957	0.24	NA
virfinder	0.396	0.96	0.23	NA
virfinder	0.41	0.962	0.22	NA
virfinder	0.426	0.964	0.21	NA
virfinder	0.443	0.966	0.2	NA
virfinder	0.459	0.968	0.19	NA
virfinder	0.479	0.973	0.18	NA
virfinder	0.497	0.976	0.17	NA
virfinder	0.517	0.979	0.16	NA
virfinder	0.539	0.98	0.15	NA
virfinder	0.563	0.982	0.14	NA
virfinder	0.587	0.984	0.13	NA
virfinder	0.611	0.986	0.12	NA
virfinder	0.638	0.987	0.11	NA
virfinder	0.664	0.988	0.1	NA
virfinder	0.694	0.99	0.09	NA
virfinder	0.724	0.992	0.08	NA
virfinder	0.755	0.993	0.07	NA
virfinder	0.794	0.994	0.06	NA
virfinder	0.828	0.996	0.05	NA
virfinder	0.865	0.998	0.04	NA
virfinder	0.903	0.999	0.03	NA
virfinder	0.946	0.999	0.02	NA
virfinder	0.987	1.0	0.01	NA
virfinder	1.0	1.0	0.0	NA
virsorter2	0.0	0.0	2.0	NA
virsorter2	0.069	0.266	1.0	NA
virsorter2	0.138	0.495	0.99	NA
virsorter2	0.163	0.561	0.98	NA
virsorter2	0.206	0.651	0.97	NA
virsorter2	0.215	0.686	0.96	NA
virsorter2	0.249	0.741	0.95	NA
virsorter2	0.263	0.763	0.94	NA
virsorter2	0.292	0.794	0.93	NA
virsorter2	0.314	0.807	0.92	NA
virsorter2	0.34	0.83	0.91	NA
virsorter2	0.361	0.84	0.9	NA
virsorter2	0.377	0.856	0.89	NA
virsorter2	0.392	0.863	0.88	NA
virsorter2	0.415	0.876	0.87	NA
virsorter2	0.426	0.882	0.86	NA
virsorter2	0.447	0.893	0.85	NA
virsorter2	0.461	0.898	0.84	NA
virsorter2	0.479	0.907	0.83	NA
virsorter2	0.488	0.911	0.82	NA
virsorter2	0.507	0.918	0.81	NA
virsorter2	0.52	0.919	0.8	NA
virsorter2	0.533	0.926	0.79	NA
virsorter2	0.543	0.927	0.78	NA
virsorter2	0.569	0.932	0.77	NA
virsorter2	0.583	0.934	0.76	NA
virsorter2	0.599	0.938	0.75	NA
virsorter2	0.609	0.94	0.74	NA
virsorter2	0.627	0.947	0.73	NA
virsorter2	0.642	0.948	0.72	NA
virsorter2	0.66	0.949	0.71	NA
virsorter2	0.669	0.951	0.7	NA
virsorter2	0.689	0.954	0.69	NA
virsorter2	0.704	0.956	0.68	NA
virsorter2	0.72	0.959	0.67	NA
virsorter2	0.727	0.959	0.66	NA
virsorter2	0.748	0.962	0.65	NA
virsorter2	0.759	0.963	0.64	NA
virsorter2	0.769	0.963	0.63	NA
virsorter2	0.775	0.964	0.62	NA
virsorter2	0.8	0.966	0.61	NA
virsorter2	0.81	0.966	0.6	NA
virsorter2	0.825	0.968	0.59	NA
virsorter2	0.839	0.969	0.58	NA
virsorter2	0.858	0.971	0.57	NA
virsorter2	0.871	0.972	0.56	NA
virsorter2	0.896	0.972	0.55	NA
virsorter2	0.91	0.973	0.54	NA
virsorter2	0.933	0.973	0.53	NA
virsorter2	0.942	0.973	0.52	NA
virsorter2	0.966	0.974	0.51	NA
virsorter2	0.98	0.974	0.5	NA
virsorter2	1.0	1.0	0.0	NA
deepvirfinder	0.0	0.0	2.0	NA
deepvirfinder	0.012	0.594	1.0	NA
deepvirfinder	0.02	0.665	0.99	NA
deepvirfinder	0.028	0.689	0.98	NA
deepvirfinder	0.031	0.715	0.97	NA
deepvirfinder	0.034	0.734	0.96	NA
deepvirfinder	0.039	0.742	0.95	NA
deepvirfinder	0.041	0.755	0.94	NA
deepvirfinder	0.043	0.765	0.93	NA
deepvirfinder	0.046	0.771	0.92	NA
deepvirfinder	0.049	0.783	0.91	NA
deepvirfinder	0.052	0.79	0.9	NA
deepvirfinder	0.054	0.795	0.89	NA
deepvirfinder	0.057	0.8	0.88	NA
deepvirfinder	0.061	0.807	0.87	NA
deepvirfinder	0.064	0.813	0.86	NA
deepvirfinder	0.067	0.817	0.85	NA
deepvirfinder	0.07	0.818	0.84	NA
deepvirfinder	0.072	0.822	0.83	NA
deepvirfinder	0.075	0.826	0.82	NA
deepvirfinder	0.078	0.829	0.81	NA
deepvirfinder	0.081	0.834	0.8	NA
deepvirfinder	0.083	0.838	0.79	NA
deepvirfinder	0.087	0.843	0.78	NA
deepvirfinder	0.09	0.847	0.77	NA
deepvirfinder	0.093	0.851	0.76	NA
deepvirfinder	0.095	0.856	0.75	NA
deepvirfinder	0.097	0.859	0.74	NA
deepvirfinder	0.101	0.86	0.73	NA
deepvirfinder	0.104	0.863	0.72	NA
deepvirfinder	0.106	0.865	0.71	NA
deepvirfinder	0.109	0.87	0.7	NA
deepvirfinder	0.114	0.874	0.69	NA
deepvirfinder	0.119	0.878	0.68	NA
deepvirfinder	0.123	0.882	0.67	NA
deepvirfinder	0.127	0.889	0.66	NA
deepvirfinder	0.131	0.894	0.65	NA
deepvirfinder	0.134	0.897	0.64	NA
deepvirfinder	0.139	0.9	0.63	NA
deepvirfinder	0.145	0.902	0.62	NA
deepvirfinder	0.149	0.904	0.61	NA
deepvirfinder	0.155	0.907	0.6	NA
deepvirfinder	0.159	0.91	0.59	NA
deepvirfinder	0.164	0.912	0.58	NA
deepvirfinder	0.17	0.915	0.57	NA
deepvirfinder	0.178	0.917	0.56	NA
deepvirfinder	0.184	0.921	0.55	NA
deepvirfinder	0.191	0.924	0.54	NA
deepvirfinder	0.198	0.928	0.53	NA
deepvirfinder	0.206	0.93	0.52	NA
deepvirfinder	0.212	0.935	0.51	NA
deepvirfinder	0.219	0.939	0.5	NA
deepvirfinder	0.228	0.941	0.49	NA
deepvirfinder	0.235	0.945	0.48	NA
deepvirfinder	0.241	0.948	0.47	NA
deepvirfinder	0.248	0.949	0.46	NA
deepvirfinder	0.255	0.95	0.45	NA
deepvirfinder	0.26	0.953	0.44	NA
deepvirfinder	0.267	0.954	0.43	NA
deepvirfinder	0.276	0.956	0.42	NA
deepvirfinder	0.283	0.958	0.41	NA
deepvirfinder	0.29	0.959	0.4	NA
deepvirfinder	0.298	0.961	0.39	NA
deepvirfinder	0.304	0.963	0.38	NA
deepvirfinder	0.31	0.964	0.37	NA
deepvirfinder	0.317	0.965	0.36	NA
deepvirfinder	0.324	0.965	0.35	NA
deepvirfinder	0.33	0.965	0.34	NA
deepvirfinder	0.338	0.967	0.33	NA
deepvirfinder	0.345	0.967	0.32	NA
deepvirfinder	0.352	0.967	0.31	NA
deepvirfinder	0.362	0.967	0.3	NA
deepvirfinder	0.37	0.967	0.29	NA
deepvirfinder	0.375	0.97	0.28	NA
deepvirfinder	0.384	0.971	0.27	NA
deepvirfinder	0.395	0.973	0.26	NA
deepvirfinder	0.406	0.975	0.25	NA
deepvirfinder	0.414	0.975	0.24	NA
deepvirfinder	0.423	0.977	0.23	NA
deepvirfinder	0.435	0.977	0.22	NA
deepvirfinder	0.444	0.978	0.21	NA
deepvirfinder	0.453	0.978	0.2	NA
deepvirfinder	0.464	0.979	0.19	NA
deepvirfinder	0.476	0.98	0.18	NA
deepvirfinder	0.491	0.981	0.17	NA
deepvirfinder	0.506	0.982	0.16	NA
deepvirfinder	0.521	0.983	0.15	NA
deepvirfinder	0.538	0.983	0.14	NA
deepvirfinder	0.553	0.984	0.13	NA
deepvirfinder	0.57	0.986	0.12	NA
deepvirfinder	0.59	0.987	0.11	NA
deepvirfinder	0.611	0.989	0.1	NA
deepvirfinder	0.636	0.991	0.09	NA
deepvirfinder	0.66	0.991	0.08	NA
deepvirfinder	0.688	0.991	0.07	NA
deepvirfinder	0.715	0.992	0.06	NA
deepvirfinder	0.749	0.995	0.05	NA
deepvirfinder	0.787	0.996	0.04	NA
deepvirfinder	0.822	0.997	0.03	NA
deepvirfinder	0.863	0.998	0.02	NA
deepvirfinder	0.924	0.999	0.01	NA
deepvirfinder	1.0	1.0	0.0	NA
viralverify	0.0	0.0	176.51	NA
viralverify	0.0	0.0	175.51	NA
viralverify	0.0	0.0	173.49	NA
viralverify	0.001	0.0	135.97	NA
viralverify	0.001	0.001	78.84	NA
viralverify	0.001	0.002	67.31	NA
viralverify	0.001	0.002	63.83	NA
viralverify	0.001	0.004	58.99	NA
viralverify	0.001	0.004	48.56	NA
viralverify	0.001	0.005	47.88	NA
viralverify	0.001	0.006	47.3	NA
viralverify	0.001	0.006	47.16	NA
viralverify	0.001	0.006	47.1	NA
viralverify	0.001	0.006	45.33	NA
viralverify	0.001	0.006	44.36	NA
viralverify	0.001	0.007	43.46	NA
viralverify	0.001	0.008	43.04	NA
viralverify	0.001	0.008	42.72	NA
viralverify	0.001	0.008	42.57	NA
viralverify	0.001	0.009	42.28	NA
viralverify	0.001	0.01	40.52	NA
viralverify	0.001	0.01	40.4	NA
viralverify	0.001	0.011	40.25	NA
viralverify	0.001	0.011	38.94	NA
viralverify	0.001	0.011	36.99	NA
viralverify	0.001	0.012	36.07	NA
viralverify	0.001	0.013	35.46	NA
viralverify	0.002	0.013	35.31	NA
viralverify	0.002	0.014	34.91	NA
viralverify	0.002	0.014	34.25	NA
viralverify	0.002	0.015	33.34	NA
viralverify	0.002	0.016	32.89	NA
viralverify	0.002	0.017	31.61	NA
viralverify	0.002	0.018	31.41	NA
viralverify	0.002	0.018	31.25	NA
viralverify	0.002	0.019	31.1	NA
viralverify	0.002	0.019	30.61	NA
viralverify	0.002	0.021	29.15	NA
viralverify	0.002	0.021	28.99	NA
viralverify	0.002	0.022	28.94	NA
viralverify	0.002	0.023	28.56	NA
viralverify	0.002	0.023	28.47	NA
viralverify	0.002	0.025	28.23	NA
viralverify	0.002	0.025	28.19	NA
viralverify	0.002	0.026	27.93	NA
viralverify	0.002	0.027	27.59	NA
viralverify	0.002	0.029	27.05	NA
viralverify	0.002	0.03	27.0	NA
viralverify	0.002	0.032	26.41	NA
viralverify	0.003	0.032	26.18	NA
viralverify	0.003	0.034	26.01	NA
viralverify	0.003	0.034	25.92	NA
viralverify	0.003	0.035	25.8	NA
viralverify	0.003	0.036	25.71	NA
viralverify	0.003	0.036	25.48	NA
viralverify	0.003	0.036	25.39	NA
viralverify	0.003	0.036	25.36	NA
viralverify	0.003	0.038	24.61	NA
viralverify	0.003	0.038	24.39	NA
viralverify	0.003	0.038	24.35	NA
viralverify	0.003	0.039	24.04	NA
viralverify	0.003	0.04	23.73	NA
viralverify	0.003	0.04	23.44	NA
viralverify	0.003	0.042	22.94	NA
viralverify	0.004	0.042	22.86	NA
viralverify	0.004	0.043	22.85	NA
viralverify	0.004	0.046	22.68	NA
viralverify	0.004	0.046	22.67	NA
viralverify	0.004	0.046	22.59	NA
viralverify	0.004	0.046	22.5	NA
viralverify	0.004	0.047	22.43	NA
viralverify	0.004	0.047	22.37	NA
viralverify	0.004	0.048	22.21	NA
viralverify	0.004	0.048	22.04	NA
viralverify	0.004	0.048	21.93	NA
viralverify	0.004	0.05	21.63	NA
viralverify	0.004	0.05	21.58	NA
viralverify	0.004	0.05	21.46	NA
viralverify	0.004	0.051	20.94	NA
viralverify	0.005	0.051	20.65	NA
viralverify	0.005	0.053	20.34	NA
viralverify	0.005	0.053	20.32	NA
viralverify	0.005	0.053	20.26	NA
viralverify	0.005	0.053	19.89	NA
viralverify	0.005	0.054	19.87	NA
viralverify	0.005	0.055	19.79	NA
viralverify	0.005	0.055	19.65	NA
viralverify	0.005	0.057	18.76	NA
viralverify	0.005	0.057	18.63	NA
viralverify	0.005	0.06	18.12	NA
viralverify	0.006	0.06	18.0	NA
viralverify	0.006	0.06	17.85	NA
viralverify	0.006	0.06	17.68	NA
viralverify	0.006	0.061	17.63	NA
viralverify	0.007	0.061	17.28	NA
viralverify	0.007	0.061	17.26	NA
viralverify	0.007	0.061	16.94	NA
viralverify	0.007	0.062	16.87	NA
viralverify	0.008	0.062	16.75	NA
viralverify	0.008	0.063	16.64	NA
viralverify	0.008	0.063	16.57	NA
viralverify	0.008	0.063	16.41	NA
viralverify	0.008	0.065	16.38	NA
viralverify	0.008	0.066	16.23	NA
viralverify	0.008	0.066	16.17	NA
viralverify	0.008	0.067	16.07	NA
viralverify	0.008	0.067	16.0	NA
viralverify	0.009	0.067	15.92	NA
viralverify	0.009	0.067	15.85	NA
viralverify	0.009	0.068	15.71	NA
viralverify	0.009	0.068	15.62	NA
viralverify	0.009	0.069	15.33	NA
viralverify	0.009	0.069	15.31	NA
viralverify	0.009	0.069	15.22	NA
viralverify	0.009	0.069	15.14	NA
viralverify	0.009	0.07	15.13	NA
viralverify	0.009	0.07	15.11	NA
viralverify	0.009	0.071	15.07	NA
viralverify	0.01	0.071	15.06	NA
viralverify	0.01	0.071	15.05	NA
viralverify	0.01	0.071	14.88	NA
viralverify	0.01	0.072	14.74	NA
viralverify	0.01	0.072	14.65	NA
viralverify	0.01	0.073	14.62	NA
viralverify	0.01	0.073	14.43	NA
viralverify	0.01	0.073	14.42	NA
viralverify	0.01	0.074	14.39	NA
viralverify	0.01	0.074	14.34	NA
viralverify	0.01	0.074	14.27	NA
viralverify	0.011	0.074	14.02	NA
viralverify	0.011	0.075	13.57	NA
viralverify	0.011	0.075	13.43	NA
viralverify	0.011	0.076	13.37	NA
viralverify	0.011	0.076	13.35	NA
viralverify	0.011	0.078	13.34	NA
viralverify	0.011	0.078	13.2	NA
viralverify	0.012	0.078	13.18	NA
viralverify	0.012	0.079	12.98	NA
viralverify	0.012	0.079	12.97	NA
viralverify	0.012	0.08	12.88	NA
viralverify	0.012	0.08	12.81	NA
viralverify	0.012	0.08	12.78	NA
viralverify	0.012	0.08	12.74	NA
viralverify	0.012	0.081	12.72	NA
viralverify	0.012	0.081	12.62	NA
viralverify	0.012	0.082	12.56	NA
viralverify	0.012	0.082	12.48	NA
viralverify	0.012	0.082	12.45	NA
viralverify	0.012	0.082	12.4	NA
viralverify	0.012	0.084	12.34	NA
viralverify	0.013	0.084	12.26	NA
viralverify	0.013	0.084	12.23	NA
viralverify	0.013	0.085	12.21	NA
viralverify	0.013	0.085	12.19	NA
viralverify	0.013	0.085	12.18	NA
viralverify	0.013	0.085	12.05	NA
viralverify	0.013	0.086	12.04	NA
viralverify	0.013	0.086	12.01	NA
viralverify	0.013	0.086	12.0	NA
viralverify	0.013	0.088	11.93	NA
viralverify	0.014	0.088	11.88	NA
viralverify	0.014	0.104	11.86	NA
viralverify	0.014	0.105	11.82	NA
viralverify	0.014	0.105	11.81	NA
viralverify	0.014	0.106	11.68	NA
viralverify	0.014	0.107	11.6	NA
viralverify	0.014	0.107	11.53	NA
viralverify	0.014	0.109	11.48	NA
viralverify	0.014	0.109	11.47	NA
viralverify	0.014	0.109	11.42	NA
viralverify	0.014	0.111	11.28	NA
viralverify	0.014	0.111	11.22	NA
viralverify	0.014	0.111	11.2	NA
viralverify	0.014	0.111	11.1	NA
viralverify	0.015	0.112	10.99	NA
viralverify	0.015	0.112	10.96	NA
viralverify	0.015	0.113	10.92	NA
viralverify	0.015	0.113	10.88	NA
viralverify	0.015	0.113	10.83	NA
viralverify	0.015	0.113	10.82	NA
viralverify	0.016	0.113	10.75	NA
viralverify	0.016	0.114	10.7	NA
viralverify	0.016	0.115	10.66	NA
viralverify	0.016	0.115	10.65	NA
viralverify	0.016	0.119	10.64	NA
viralverify	0.016	0.119	10.63	NA
viralverify	0.016	0.119	10.62	NA
viralverify	0.016	0.119	10.59	NA
viralverify	0.016	0.119	10.56	NA
viralverify	0.016	0.12	10.54	NA
viralverify	0.016	0.12	10.51	NA
viralverify	0.016	0.12	10.5	NA
viralverify	0.016	0.121	10.46	NA
viralverify	0.016	0.123	10.38	NA
viralverify	0.016	0.123	10.32	NA
viralverify	0.017	0.123	10.31	NA
viralverify	0.017	0.124	10.3	NA
viralverify	0.017	0.124	10.29	NA
viralverify	0.017	0.124	10.22	NA
viralverify	0.017	0.124	10.21	NA
viralverify	0.017	0.125	10.2	NA
viralverify	0.017	0.126	10.11	NA
viralverify	0.017	0.126	10.1	NA
viralverify	0.018	0.126	9.96	NA
viralverify	0.018	0.126	9.94	NA
viralverify	0.018	0.128	9.85	NA
viralverify	0.018	0.128	9.75	NA
viralverify	0.018	0.129	9.67	NA
viralverify	0.018	0.13	9.66	NA
viralverify	0.018	0.131	9.43	NA
viralverify	0.018	0.131	9.42	NA
viralverify	0.018	0.131	9.4	NA
viralverify	0.019	0.131	9.37	NA
viralverify	0.019	0.132	9.35	NA
viralverify	0.019	0.132	9.33	NA
viralverify	0.019	0.132	9.3	NA
viralverify	0.019	0.132	9.29	NA
viralverify	0.019	0.132	9.24	NA
viralverify	0.019	0.133	9.21	NA
viralverify	0.019	0.134	9.19	NA
viralverify	0.019	0.134	9.18	NA
viralverify	0.02	0.134	9.17	NA
viralverify	0.02	0.137	9.15	NA
viralverify	0.02	0.137	9.12	NA
viralverify	0.02	0.137	9.06	NA
viralverify	0.02	0.137	9.02	NA
viralverify	0.02	0.138	9.01	NA
viralverify	0.02	0.139	9.0	NA
viralverify	0.02	0.139	8.99	NA
viralverify	0.02	0.139	8.95	NA
viralverify	0.02	0.14	8.92	NA
viralverify	0.021	0.14	8.88	NA
viralverify	0.021	0.14	8.82	NA
viralverify	0.021	0.141	8.8	NA
viralverify	0.021	0.141	8.79	NA
viralverify	0.021	0.142	8.78	NA
viralverify	0.021	0.142	8.72	NA
viralverify	0.021	0.143	8.63	NA
viralverify	0.021	0.143	8.61	NA
viralverify	0.021	0.143	8.58	NA
viralverify	0.021	0.143	8.57	NA
viralverify	0.022	0.143	8.56	NA
viralverify	0.022	0.143	8.53	NA
viralverify	0.022	0.143	8.52	NA
viralverify	0.023	0.143	8.49	NA
viralverify	0.023	0.143	8.47	NA
viralverify	0.023	0.143	8.46	NA
viralverify	0.023	0.143	8.44	NA
viralverify	0.023	0.143	8.43	NA
viralverify	0.023	0.144	8.41	NA
viralverify	0.023	0.145	8.39	NA
viralverify	0.023	0.145	8.34	NA
viralverify	0.023	0.145	8.33	NA
viralverify	0.023	0.145	8.32	NA
viralverify	0.024	0.146	8.28	NA
viralverify	0.024	0.147	8.24	NA
viralverify	0.024	0.147	8.23	NA
viralverify	0.024	0.147	8.21	NA
viralverify	0.024	0.147	8.19	NA
viralverify	0.024	0.147	8.16	NA
viralverify	0.024	0.148	8.15	NA
viralverify	0.024	0.149	8.14	NA
viralverify	0.024	0.149	8.12	NA
viralverify	0.025	0.149	8.02	NA
viralverify	0.025	0.151	8.0	NA
viralverify	0.025	0.151	7.99	NA
viralverify	0.025	0.151	7.93	NA
viralverify	0.026	0.151	7.92	NA
viralverify	0.026	0.152	7.87	NA
viralverify	0.026	0.152	7.86	NA
viralverify	0.026	0.153	7.83	NA
viralverify	0.026	0.153	7.82	NA
viralverify	0.027	0.153	7.8	NA
viralverify	0.027	0.153	7.78	NA
viralverify	0.027	0.154	7.77	NA
viralverify	0.027	0.154	7.76	NA
viralverify	0.027	0.155	7.74	NA
viralverify	0.027	0.156	7.72	NA
viralverify	0.027	0.156	7.71	NA
viralverify	0.027	0.156	7.65	NA
viralverify	0.027	0.158	7.55	NA
viralverify	0.027	0.159	7.51	NA
viralverify	0.027	0.159	7.5	NA
viralverify	0.028	0.159	7.48	NA
viralverify	0.028	0.161	7.44	NA
viralverify	0.028	0.161	7.43	NA
viralverify	0.028	0.161	7.39	NA
viralverify	0.028	0.162	7.38	NA
viralverify	0.028	0.163	7.3	NA
viralverify	0.028	0.164	7.24	NA
viralverify	0.028	0.168	7.23	NA
viralverify	0.029	0.168	7.19	NA
viralverify	0.029	0.168	7.17	NA
viralverify	0.029	0.168	7.16	NA
viralverify	0.029	0.168	7.14	NA
viralverify	0.029	0.169	7.13	NA
viralverify	0.029	0.169	7.1	NA
viralverify	0.03	0.171	7.06	NA
viralverify	0.03	0.171	7.03	NA
viralverify	0.03	0.172	7.0	NA
viralverify	0.03	0.172	6.99	NA
viralverify	0.03	0.172	6.97	NA
viralverify	0.03	0.173	6.95	NA
viralverify	0.03	0.173	6.93	NA
viralverify	0.031	0.173	6.92	NA
viralverify	0.031	0.174	6.89	NA
viralverify	0.031	0.174	6.88	NA
viralverify	0.031	0.175	6.86	NA
viralverify	0.031	0.175	6.85	NA
viralverify	0.031	0.176	6.81	NA
viralverify	0.031	0.177	6.79	NA
viralverify	0.031	0.177	6.75	NA
viralverify	0.031	0.177	6.73	NA
viralverify	0.031	0.178	6.68	NA
viralverify	0.031	0.178	6.67	NA
viralverify	0.031	0.18	6.65	NA
viralverify	0.032	0.18	6.64	NA
viralverify	0.032	0.18	6.63	NA
viralverify	0.032	0.18	6.62	NA
viralverify	0.032	0.18	6.61	NA
viralverify	0.032	0.181	6.58	NA
viralverify	0.032	0.182	6.56	NA
viralverify	0.032	0.183	6.55	NA
viralverify	0.032	0.183	6.53	NA
viralverify	0.032	0.183	6.51	NA
viralverify	0.032	0.184	6.48	NA
viralverify	0.032	0.185	6.44	NA
viralverify	0.033	0.185	6.41	NA
viralverify	0.033	0.186	6.39	NA
viralverify	0.033	0.187	6.3	NA
viralverify	0.033	0.187	6.29	NA
viralverify	0.033	0.188	6.28	NA
viralverify	0.033	0.188	6.21	NA
viralverify	0.033	0.188	6.2	NA
viralverify	0.033	0.189	6.19	NA
viralverify	0.034	0.189	6.18	NA
viralverify	0.034	0.189	6.08	NA
viralverify	0.034	0.19	6.02	NA
viralverify	0.034	0.191	5.99	NA
viralverify	0.034	0.191	5.98	NA
viralverify	0.034	0.191	5.97	NA
viralverify	0.035	0.191	5.94	NA
viralverify	0.035	0.192	5.93	NA
viralverify	0.035	0.192	5.92	NA
viralverify	0.035	0.192	5.91	NA
viralverify	0.035	0.193	5.9	NA
viralverify	0.035	0.193	5.87	NA
viralverify	0.036	0.194	5.86	NA
viralverify	0.036	0.194	5.85	NA
viralverify	0.036	0.194	5.84	NA
viralverify	0.036	0.196	5.83	NA
viralverify	0.036	0.196	5.82	NA
viralverify	0.036	0.196	5.81	NA
viralverify	0.036	0.196	5.79	NA
viralverify	0.036	0.197	5.78	NA
viralverify	0.037	0.197	5.77	NA
viralverify	0.037	0.197	5.75	NA
viralverify	0.037	0.197	5.68	NA
viralverify	0.037	0.199	5.67	NA
viralverify	0.037	0.199	5.66	NA
viralverify	0.037	0.199	5.64	NA
viralverify	0.037	0.199	5.62	NA
viralverify	0.038	0.2	5.61	NA
viralverify	0.038	0.2	5.56	NA
viralverify	0.038	0.201	5.55	NA
viralverify	0.038	0.201	5.54	NA
viralverify	0.038	0.202	5.53	NA
viralverify	0.038	0.202	5.52	NA
viralverify	0.039	0.202	5.5	NA
viralverify	0.039	0.202	5.47	NA
viralverify	0.039	0.203	5.45	NA
viralverify	0.039	0.203	5.44	NA
viralverify	0.04	0.203	5.42	NA
viralverify	0.04	0.203	5.37	NA
viralverify	0.04	0.203	5.36	NA
viralverify	0.041	0.204	5.34	NA
viralverify	0.041	0.205	5.33	NA
viralverify	0.041	0.205	5.32	NA
viralverify	0.041	0.205	5.3	NA
viralverify	0.042	0.205	5.29	NA
viralverify	0.042	0.206	5.24	NA
viralverify	0.042	0.208	5.22	NA
viralverify	0.042	0.208	5.15	NA
viralverify	0.042	0.208	5.14	NA
viralverify	0.042	0.208	5.12	NA
viralverify	0.042	0.208	5.1	NA
viralverify	0.042	0.208	5.03	NA
viralverify	0.042	0.216	5.02	NA
viralverify	0.043	0.216	5.01	NA
viralverify	0.043	0.216	5.0	NA
viralverify	0.043	0.216	4.96	NA
viralverify	0.043	0.216	4.95	NA
viralverify	0.043	0.216	4.92	NA
viralverify	0.043	0.217	4.91	NA
viralverify	0.043	0.217	4.85	NA
viralverify	0.043	0.217	4.84	NA
viralverify	0.044	0.217	4.8	NA
viralverify	0.044	0.218	4.79	NA
viralverify	0.044	0.218	4.78	NA
viralverify	0.044	0.219	4.77	NA
viralverify	0.044	0.219	4.76	NA
viralverify	0.044	0.22	4.75	NA
viralverify	0.044	0.22	4.74	NA
viralverify	0.044	0.22	4.73	NA
viralverify	0.044	0.22	4.72	NA
viralverify	0.045	0.221	4.71	NA
viralverify	0.045	0.222	4.7	NA
viralverify	0.045	0.222	4.69	NA
viralverify	0.045	0.222	4.67	NA
viralverify	0.045	0.224	4.63	NA
viralverify	0.045	0.225	4.62	NA
viralverify	0.045	0.225	4.61	NA
viralverify	0.045	0.226	4.59	NA
viralverify	0.045	0.226	4.58	NA
viralverify	0.045	0.228	4.56	NA
viralverify	0.045	0.229	4.54	NA
viralverify	0.045	0.23	4.51	NA
viralverify	0.045	0.23	4.49	NA
viralverify	0.045	0.231	4.48	NA
viralverify	0.046	0.231	4.43	NA
viralverify	0.046	0.231	4.42	NA
viralverify	0.046	0.232	4.41	NA
viralverify	0.046	0.232	4.4	NA
viralverify	0.047	0.232	4.38	NA
viralverify	0.047	0.237	4.37	NA
viralverify	0.047	0.238	4.36	NA
viralverify	0.047	0.239	4.34	NA
viralverify	0.048	0.247	4.33	NA
viralverify	0.048	0.247	4.32	NA
viralverify	0.049	0.247	4.28	NA
viralverify	0.049	0.247	4.26	NA
viralverify	0.05	0.249	4.24	NA
viralverify	0.05	0.25	4.23	NA
viralverify	0.05	0.252	4.19	NA
viralverify	0.05	0.252	4.18	NA
viralverify	0.05	0.253	4.16	NA
viralverify	0.05	0.253	4.12	NA
viralverify	0.05	0.253	4.11	NA
viralverify	0.05	0.254	4.1	NA
viralverify	0.05	0.254	4.09	NA
viralverify	0.051	0.254	4.08	NA
viralverify	0.051	0.254	4.07	NA
viralverify	0.051	0.255	4.06	NA
viralverify	0.051	0.257	4.05	NA
viralverify	0.052	0.257	4.03	NA
viralverify	0.052	0.258	4.01	NA
viralverify	0.052	0.258	4.0	NA
viralverify	0.052	0.258	3.99	NA
viralverify	0.053	0.265	3.96	NA
viralverify	0.053	0.265	3.95	NA
viralverify	0.053	0.266	3.94	NA
viralverify	0.054	0.266	3.92	NA
viralverify	0.054	0.267	3.89	NA
viralverify	0.054	0.267	3.88	NA
viralverify	0.054	0.268	3.86	NA
viralverify	0.055	0.268	3.85	NA
viralverify	0.056	0.268	3.84	NA
viralverify	0.056	0.269	3.83	NA
viralverify	0.056	0.269	3.82	NA
viralverify	0.056	0.27	3.81	NA
viralverify	0.057	0.27	3.76	NA
viralverify	0.057	0.27	3.75	NA
viralverify	0.057	0.27	3.74	NA
viralverify	0.058	0.277	3.73	NA
viralverify	0.058	0.277	3.71	NA
viralverify	0.058	0.277	3.69	NA
viralverify	0.058	0.277	3.68	NA
viralverify	0.058	0.279	3.67	NA
viralverify	0.058	0.279	3.66	NA
viralverify	0.059	0.279	3.65	NA
viralverify	0.059	0.28	3.64	NA
viralverify	0.059	0.28	3.63	NA
viralverify	0.06	0.28	3.61	NA
viralverify	0.06	0.28	3.6	NA
viralverify	0.06	0.281	3.59	NA
viralverify	0.061	0.281	3.58	NA
viralverify	0.061	0.281	3.56	NA
viralverify	0.061	0.285	3.55	NA
viralverify	0.061	0.285	3.53	NA
viralverify	0.061	0.285	3.52	NA
viralverify	0.061	0.285	3.5	NA
viralverify	0.062	0.287	3.49	NA
viralverify	0.062	0.287	3.48	NA
viralverify	0.062	0.287	3.47	NA
viralverify	0.062	0.289	3.46	NA
viralverify	0.062	0.291	3.44	NA
viralverify	0.062	0.291	3.43	NA
viralverify	0.062	0.294	3.42	NA
viralverify	0.063	0.294	3.4	NA
viralverify	0.063	0.294	3.38	NA
viralverify	0.064	0.296	3.37	NA
viralverify	0.064	0.296	3.36	NA
viralverify	0.064	0.296	3.35	NA
viralverify	0.064	0.296	3.34	NA
viralverify	0.064	0.296	3.33	NA
viralverify	0.065	0.296	3.32	NA
viralverify	0.065	0.297	3.31	NA
viralverify	0.065	0.297	3.28	NA
viralverify	0.065	0.298	3.27	NA
viralverify	0.066	0.301	3.26	NA
viralverify	0.066	0.301	3.23	NA
viralverify	0.066	0.302	3.21	NA
viralverify	0.066	0.302	3.2	NA
viralverify	0.066	0.302	3.18	NA
viralverify	0.066	0.303	3.15	NA
viralverify	0.067	0.303	3.14	NA
viralverify	0.067	0.303	3.13	NA
viralverify	0.067	0.304	3.12	NA
viralverify	0.067	0.304	3.11	NA
viralverify	0.067	0.304	3.09	NA
viralverify	0.068	0.305	3.06	NA
viralverify	0.068	0.306	3.02	NA
viralverify	0.069	0.314	3.01	NA
viralverify	0.069	0.314	2.98	NA
viralverify	0.069	0.314	2.97	NA
viralverify	0.069	0.315	2.96	NA
viralverify	0.069	0.316	2.94	NA
viralverify	0.069	0.317	2.93	NA
viralverify	0.07	0.317	2.92	NA
viralverify	0.07	0.317	2.9	NA
viralverify	0.07	0.322	2.89	NA
viralverify	0.071	0.322	2.87	NA
viralverify	0.071	0.323	2.85	NA
viralverify	0.071	0.323	2.83	NA
viralverify	0.071	0.327	2.82	NA
viralverify	0.072	0.327	2.81	NA
viralverify	0.072	0.327	2.8	NA
viralverify	0.072	0.328	2.78	NA
viralverify	0.072	0.328	2.77	NA
viralverify	0.072	0.329	2.76	NA
viralverify	0.072	0.329	2.75	NA
viralverify	0.072	0.33	2.74	NA
viralverify	0.073	0.331	2.73	NA
viralverify	0.073	0.332	2.71	NA
viralverify	0.074	0.332	2.68	NA
viralverify	0.075	0.332	2.67	NA
viralverify	0.075	0.332	2.66	NA
viralverify	0.075	0.332	2.64	NA
viralverify	0.075	0.335	2.62	NA
viralverify	0.076	0.336	2.61	NA
viralverify	0.076	0.336	2.59	NA
viralverify	0.076	0.336	2.54	NA
viralverify	0.077	0.337	2.53	NA
viralverify	0.077	0.338	2.52	NA
viralverify	0.077	0.344	2.51	NA
viralverify	0.079	0.345	2.5	NA
viralverify	0.079	0.345	2.49	NA
viralverify	0.08	0.345	2.46	NA
viralverify	0.081	0.345	2.45	NA
viralverify	0.081	0.345	2.41	NA
viralverify	0.082	0.345	2.39	NA
viralverify	0.082	0.345	2.38	NA
viralverify	0.083	0.345	2.37	NA
viralverify	0.083	0.346	2.36	NA
viralverify	0.083	0.346	2.35	NA
viralverify	0.084	0.346	2.34	NA
viralverify	0.084	0.352	2.33	NA
viralverify	0.085	0.352	2.28	NA
viralverify	0.085	0.352	2.27	NA
viralverify	0.086	0.352	2.26	NA
viralverify	0.086	0.354	2.25	NA
viralverify	0.086	0.354	2.24	NA
viralverify	0.086	0.354	2.23	NA
viralverify	0.086	0.355	2.2	NA
viralverify	0.087	0.355	2.19	NA
viralverify	0.087	0.355	2.18	NA
viralverify	0.087	0.355	2.17	NA
viralverify	0.087	0.356	2.16	NA
viralverify	0.088	0.356	2.15	NA
viralverify	0.088	0.356	2.14	NA
viralverify	0.089	0.356	2.12	NA
viralverify	0.089	0.356	2.11	NA
viralverify	0.09	0.356	2.1	NA
viralverify	0.09	0.356	2.09	NA
viralverify	0.09	0.356	2.06	NA
viralverify	0.091	0.356	2.05	NA
viralverify	0.091	0.356	2.04	NA
viralverify	0.091	0.356	2.03	NA
viralverify	0.091	0.357	2.02	NA
viralverify	0.091	0.358	2.01	NA
viralverify	0.091	0.358	2.0	NA
viralverify	0.092	0.359	1.99	NA
viralverify	0.092	0.36	1.96	NA
viralverify	0.092	0.36	1.95	NA
viralverify	0.093	0.361	1.93	NA
viralverify	0.093	0.361	1.92	NA
viralverify	0.093	0.361	1.91	NA
viralverify	0.094	0.363	1.9	NA
viralverify	0.094	0.363	1.89	NA
viralverify	0.094	0.363	1.88	NA
viralverify	0.095	0.365	1.86	NA
viralverify	0.095	0.365	1.85	NA
viralverify	0.095	0.365	1.84	NA
viralverify	0.095	0.366	1.83	NA
viralverify	0.095	0.366	1.81	NA
viralverify	0.096	0.366	1.78	NA
viralverify	0.096	0.367	1.77	NA
viralverify	0.097	0.367	1.76	NA
viralverify	0.097	0.367	1.74	NA
viralverify	0.097	0.367	1.73	NA
viralverify	0.098	0.367	1.71	NA
viralverify	0.098	0.368	1.7	NA
viralverify	0.098	0.368	1.69	NA
viralverify	0.099	0.368	1.67	NA
viralverify	0.099	0.368	1.65	NA
viralverify	0.1	0.368	1.63	NA
viralverify	0.1	0.368	1.62	NA
viralverify	0.1	0.368	1.61	NA
viralverify	0.101	0.369	1.6	NA
viralverify	0.102	0.369	1.58	NA
viralverify	0.102	0.369	1.57	NA
viralverify	0.103	0.37	1.56	NA
viralverify	0.103	0.371	1.55	NA
viralverify	0.103	0.373	1.54	NA
viralverify	0.104	0.373	1.53	NA
viralverify	0.104	0.373	1.52	NA
viralverify	0.104	0.374	1.51	NA
viralverify	0.104	0.374	1.5	NA
viralverify	0.105	0.374	1.49	NA
viralverify	0.105	0.377	1.48	NA
viralverify	0.105	0.377	1.46	NA
viralverify	0.106	0.377	1.45	NA
viralverify	0.106	0.377	1.44	NA
viralverify	0.106	0.378	1.43	NA
viralverify	0.107	0.378	1.42	NA
viralverify	0.107	0.378	1.41	NA
viralverify	0.107	0.378	1.4	NA
viralverify	0.107	0.379	1.36	NA
viralverify	0.107	0.379	1.35	NA
viralverify	0.108	0.384	1.33	NA
viralverify	0.108	0.385	1.32	NA
viralverify	0.108	0.385	1.31	NA
viralverify	0.108	0.385	1.3	NA
viralverify	0.109	0.385	1.29	NA
viralverify	0.109	0.385	1.28	NA
viralverify	0.109	0.385	1.27	NA
viralverify	0.11	0.385	1.26	NA
viralverify	0.11	0.385	1.25	NA
viralverify	0.111	0.385	1.24	NA
viralverify	0.111	0.385	1.23	NA
viralverify	0.112	0.386	1.22	NA
viralverify	0.112	0.387	1.21	NA
viralverify	0.112	0.387	1.19	NA
viralverify	0.113	0.396	1.18	NA
viralverify	0.113	0.396	1.17	NA
viralverify	0.113	0.396	1.16	NA
viralverify	0.114	0.396	1.15	NA
viralverify	0.114	0.396	1.14	NA
viralverify	0.114	0.397	1.13	NA
viralverify	0.115	0.397	1.11	NA
viralverify	0.116	0.398	1.08	NA
viralverify	0.116	0.398	1.07	NA
viralverify	0.117	0.398	1.05	NA
viralverify	0.117	0.399	1.04	NA
viralverify	0.117	0.399	1.03	NA
viralverify	0.117	0.399	1.02	NA
viralverify	0.118	0.399	1.01	NA
viralverify	0.118	0.399	1.0	NA
viralverify	0.119	0.4	0.99	NA
viralverify	0.12	0.4	0.98	NA
viralverify	0.121	0.401	0.97	NA
viralverify	0.122	0.401	0.96	NA
viralverify	0.123	0.401	0.95	NA
viralverify	0.123	0.401	0.94	NA
viralverify	0.124	0.403	0.92	NA
viralverify	0.124	0.403	0.91	NA
viralverify	0.125	0.404	0.9	NA
viralverify	0.125	0.404	0.89	NA
viralverify	0.125	0.404	0.88	NA
viralverify	0.127	0.405	0.85	NA
viralverify	0.127	0.407	0.84	NA
viralverify	0.128	0.407	0.83	NA
viralverify	0.128	0.407	0.82	NA
viralverify	0.128	0.407	0.81	NA
viralverify	0.129	0.407	0.8	NA
viralverify	0.13	0.407	0.79	NA
viralverify	0.131	0.409	0.78	NA
viralverify	0.132	0.409	0.76	NA
viralverify	0.132	0.409	0.75	NA
viralverify	0.132	0.409	0.74	NA
viralverify	0.132	0.409	0.73	NA
viralverify	0.133	0.409	0.72	NA
viralverify	0.133	0.41	0.71	NA
viralverify	0.134	0.41	0.7	NA
viralverify	0.134	0.411	0.68	NA
viralverify	0.134	0.411	0.67	NA
viralverify	0.134	0.412	0.66	NA
viralverify	0.135	0.413	0.65	NA
viralverify	0.135	0.425	0.64	NA
viralverify	0.136	0.427	0.63	NA
viralverify	0.136	0.427	0.62	NA
viralverify	0.136	0.427	0.61	NA
viralverify	0.137	0.427	0.6	NA
viralverify	0.137	0.427	0.59	NA
viralverify	0.137	0.427	0.58	NA
viralverify	0.138	0.427	0.57	NA
viralverify	0.138	0.427	0.56	NA
viralverify	0.138	0.427	0.55	NA
viralverify	0.139	0.427	0.54	NA
viralverify	0.139	0.428	0.53	NA
viralverify	0.14	0.428	0.52	NA
viralverify	0.14	0.428	0.51	NA
viralverify	0.141	0.428	0.5	NA
viralverify	0.141	0.428	0.49	NA
viralverify	0.142	0.428	0.48	NA
viralverify	0.142	0.428	0.47	NA
viralverify	0.142	0.429	0.46	NA
viralverify	0.143	0.429	0.45	NA
viralverify	0.143	0.429	0.44	NA
viralverify	0.144	0.429	0.43	NA
viralverify	0.144	0.43	0.42	NA
viralverify	0.145	0.43	0.41	NA
viralverify	0.145	0.43	0.4	NA
viralverify	0.145	0.43	0.39	NA
viralverify	0.146	0.43	0.38	NA
viralverify	0.147	0.431	0.37	NA
viralverify	0.148	0.431	0.36	NA
viralverify	0.148	0.431	0.35	NA
viralverify	0.149	0.431	0.34	NA
viralverify	0.15	0.431	0.33	NA
viralverify	0.15	0.431	0.32	NA
viralverify	0.151	0.432	0.31	NA
viralverify	0.151	0.432	0.3	NA
viralverify	0.152	0.432	0.29	NA
viralverify	0.153	0.432	0.27	NA
viralverify	0.154	0.432	0.25	NA
viralverify	0.154	0.433	0.24	NA
viralverify	0.154	0.433	0.23	NA
viralverify	0.156	0.433	0.22	NA
viralverify	0.157	0.435	0.21	NA
viralverify	0.157	0.435	0.2	NA
viralverify	0.158	0.435	0.18	NA
viralverify	0.159	0.435	0.17	NA
viralverify	0.16	0.435	0.15	NA
viralverify	0.16	0.435	0.14	NA
viralverify	0.162	0.435	0.13	NA
viralverify	0.163	0.435	0.12	NA
viralverify	0.163	0.435	0.11	NA
viralverify	0.165	0.435	0.09	NA
viralverify	0.167	0.435	0.06	NA
viralverify	0.168	0.435	0.05	NA
viralverify	0.17	0.435	0.03	NA
viralverify	0.17	0.435	0.02	NA
viralverify	0.171	0.435	0.01	NA
viralverify	0.274	0.956	0.0	NA
viralverify	0.274	0.956	-0.01	NA
viralverify	0.275	0.956	-0.02	NA
viralverify	0.276	0.956	-0.03	NA
viralverify	0.278	0.956	-0.04	NA
viralverify	0.279	0.956	-0.05	NA
viralverify	0.28	0.956	-0.06	NA
viralverify	0.281	0.957	-0.07	NA
viralverify	0.283	0.957	-0.08	NA
viralverify	0.283	0.957	-0.09	NA
viralverify	0.286	0.957	-0.1	NA
viralverify	0.288	0.957	-0.11	NA
viralverify	0.29	0.957	-0.12	NA
viralverify	0.291	0.957	-0.14	NA
viralverify	0.292	0.957	-0.15	NA
viralverify	0.293	0.957	-0.16	NA
viralverify	0.294	0.958	-0.17	NA
viralverify	0.295	0.958	-0.18	NA
viralverify	0.296	0.958	-0.19	NA
viralverify	0.296	0.958	-0.2	NA
viralverify	0.296	0.959	-0.21	NA
viralverify	0.297	0.959	-0.22	NA
viralverify	0.299	0.959	-0.23	NA
viralverify	0.3	0.959	-0.24	NA
viralverify	0.3	0.959	-0.25	NA
viralverify	0.302	0.959	-0.26	NA
viralverify	0.302	0.959	-0.27	NA
viralverify	0.303	0.96	-0.28	NA
viralverify	0.304	0.96	-0.29	NA
viralverify	0.305	0.96	-0.3	NA
viralverify	0.306	0.96	-0.31	NA
viralverify	0.307	0.96	-0.32	NA
viralverify	0.31	0.96	-0.33	NA
viralverify	0.311	0.96	-0.34	NA
viralverify	0.312	0.96	-0.35	NA
viralverify	0.314	0.96	-0.37	NA
viralverify	0.315	0.96	-0.38	NA
viralverify	0.316	0.96	-0.39	NA
viralverify	0.317	0.96	-0.4	NA
viralverify	0.318	0.96	-0.41	NA
viralverify	0.318	0.96	-0.42	NA
viralverify	0.319	0.96	-0.43	NA
viralverify	0.32	0.961	-0.44	NA
viralverify	0.32	0.961	-0.45	NA
viralverify	0.322	0.961	-0.46	NA
viralverify	0.323	0.961	-0.47	NA
viralverify	0.324	0.961	-0.48	NA
viralverify	0.326	0.961	-0.49	NA
viralverify	0.327	0.961	-0.5	NA
viralverify	0.328	0.961	-0.51	NA
viralverify	0.329	0.961	-0.53	NA
viralverify	0.33	0.961	-0.54	NA
viralverify	0.331	0.961	-0.55	NA
viralverify	0.332	0.961	-0.56	NA
viralverify	0.332	0.961	-0.57	NA
viralverify	0.333	0.961	-0.58	NA
viralverify	0.334	0.961	-0.59	NA
viralverify	0.344	0.962	-0.6	NA
viralverify	0.344	0.963	-0.61	NA
viralverify	0.345	0.963	-0.62	NA
viralverify	0.346	0.963	-0.63	NA
viralverify	0.347	0.963	-0.64	NA
viralverify	0.348	0.963	-0.65	NA
viralverify	0.349	0.963	-0.66	NA
viralverify	0.349	0.963	-0.67	NA
viralverify	0.35	0.964	-0.68	NA
viralverify	0.35	0.964	-0.69	NA
viralverify	0.351	0.964	-0.7	NA
viralverify	0.351	0.964	-0.71	NA
viralverify	0.352	0.965	-0.72	NA
viralverify	0.353	0.965	-0.73	NA
viralverify	0.354	0.965	-0.74	NA
viralverify	0.356	0.965	-0.76	NA
viralverify	0.358	0.965	-0.77	NA
viralverify	0.358	0.965	-0.78	NA
viralverify	0.359	0.965	-0.79	NA
viralverify	0.36	0.965	-0.8	NA
viralverify	0.362	0.965	-0.81	NA
viralverify	0.363	0.965	-0.82	NA
viralverify	0.363	0.966	-0.83	NA
viralverify	0.365	0.966	-0.84	NA
viralverify	0.365	0.966	-0.85	NA
viralverify	0.366	0.966	-0.86	NA
viralverify	0.368	0.966	-0.87	NA
viralverify	0.37	0.966	-0.88	NA
viralverify	0.37	0.966	-0.89	NA
viralverify	0.371	0.966	-0.9	NA
viralverify	0.372	0.966	-0.91	NA
viralverify	0.373	0.966	-0.92	NA
viralverify	0.374	0.966	-0.93	NA
viralverify	0.374	0.966	-0.94	NA
viralverify	0.374	0.966	-0.95	NA
viralverify	0.376	0.966	-0.96	NA
viralverify	0.376	0.967	-0.97	NA
viralverify	0.377	0.967	-0.98	NA
viralverify	0.378	0.968	-0.99	NA
viralverify	0.379	0.968	-1.0	NA
viralverify	0.38	0.968	-1.01	NA
viralverify	0.381	0.968	-1.02	NA
viralverify	0.381	0.968	-1.03	NA
viralverify	0.382	0.968	-1.04	NA
viralverify	0.383	0.968	-1.05	NA
viralverify	0.385	0.968	-1.06	NA
viralverify	0.387	0.968	-1.07	NA
viralverify	0.389	0.968	-1.09	NA
viralverify	0.39	0.968	-1.1	NA
viralverify	0.391	0.968	-1.11	NA
viralverify	0.393	0.968	-1.12	NA
viralverify	0.394	0.969	-1.13	NA
viralverify	0.394	0.969	-1.14	NA
viralverify	0.395	0.969	-1.15	NA
viralverify	0.396	0.969	-1.16	NA
viralverify	0.397	0.969	-1.17	NA
viralverify	0.398	0.969	-1.18	NA
viralverify	0.401	0.969	-1.21	NA
viralverify	0.404	0.969	-1.22	NA
viralverify	0.405	0.969	-1.23	NA
viralverify	0.406	0.969	-1.24	NA
viralverify	0.407	0.969	-1.25	NA
viralverify	0.408	0.969	-1.26	NA
viralverify	0.41	0.969	-1.27	NA
viralverify	0.411	0.969	-1.28	NA
viralverify	0.412	0.969	-1.29	NA
viralverify	0.414	0.969	-1.3	NA
viralverify	0.415	0.969	-1.31	NA
viralverify	0.415	0.969	-1.32	NA
viralverify	0.416	0.969	-1.33	NA
viralverify	0.419	0.969	-1.34	NA
viralverify	0.421	0.97	-1.35	NA
viralverify	0.422	0.972	-1.36	NA
viralverify	0.423	0.972	-1.37	NA
viralverify	0.424	0.972	-1.38	NA
viralverify	0.424	0.972	-1.39	NA
viralverify	0.426	0.972	-1.4	NA
viralverify	0.427	0.972	-1.41	NA
viralverify	0.429	0.972	-1.43	NA
viralverify	0.43	0.972	-1.44	NA
viralverify	0.431	0.972	-1.45	NA
viralverify	0.435	0.973	-1.47	NA
viralverify	0.436	0.973	-1.48	NA
viralverify	0.437	0.974	-1.49	NA
viralverify	0.438	0.974	-1.5	NA
viralverify	0.439	0.974	-1.51	NA
viralverify	0.44	0.974	-1.52	NA
viralverify	0.441	0.974	-1.53	NA
viralverify	0.442	0.974	-1.54	NA
viralverify	0.443	0.974	-1.55	NA
viralverify	0.444	0.974	-1.56	NA
viralverify	0.447	0.974	-1.57	NA
viralverify	0.447	0.974	-1.58	NA
viralverify	0.448	0.974	-1.59	NA
viralverify	0.449	0.974	-1.6	NA
viralverify	0.451	0.974	-1.61	NA
viralverify	0.452	0.975	-1.62	NA
viralverify	0.454	0.975	-1.63	NA
viralverify	0.455	0.975	-1.65	NA
viralverify	0.456	0.975	-1.66	NA
viralverify	0.457	0.976	-1.67	NA
viralverify	0.458	0.976	-1.68	NA
viralverify	0.459	0.976	-1.69	NA
viralverify	0.46	0.976	-1.7	NA
viralverify	0.461	0.976	-1.71	NA
viralverify	0.463	0.977	-1.72	NA
viralverify	0.463	0.977	-1.73	NA
viralverify	0.465	0.977	-1.74	NA
viralverify	0.467	0.977	-1.75	NA
viralverify	0.467	0.977	-1.76	NA
viralverify	0.468	0.977	-1.77	NA
viralverify	0.469	0.977	-1.78	NA
viralverify	0.47	0.977	-1.79	NA
viralverify	0.472	0.977	-1.8	NA
viralverify	0.472	0.977	-1.81	NA
viralverify	0.474	0.977	-1.82	NA
viralverify	0.474	0.977	-1.83	NA
viralverify	0.475	0.977	-1.84	NA
viralverify	0.476	0.977	-1.85	NA
viralverify	0.478	0.977	-1.86	NA
viralverify	0.479	0.977	-1.87	NA
viralverify	0.479	0.977	-1.88	NA
viralverify	0.48	0.978	-1.89	NA
viralverify	0.482	0.978	-1.9	NA
viralverify	0.484	0.978	-1.91	NA
viralverify	0.484	0.978	-1.92	NA
viralverify	0.484	0.978	-1.93	NA
viralverify	0.485	0.978	-1.94	NA
viralverify	0.486	0.978	-1.95	NA
viralverify	0.486	0.978	-1.96	NA
viralverify	0.486	0.978	-1.97	NA
viralverify	0.487	0.978	-1.98	NA
viralverify	0.488	0.978	-1.99	NA
viralverify	0.489	0.978	-2.0	NA
viralverify	0.489	0.978	-2.01	NA
viralverify	0.491	0.978	-2.02	NA
viralverify	0.491	0.978	-2.03	NA
viralverify	0.492	0.978	-2.04	NA
viralverify	0.493	0.978	-2.05	NA
viralverify	0.495	0.978	-2.06	NA
viralverify	0.495	0.978	-2.07	NA
viralverify	0.496	0.978	-2.08	NA
viralverify	0.497	0.978	-2.09	NA
viralverify	0.498	0.978	-2.1	NA
viralverify	0.498	0.978	-2.11	NA
viralverify	0.499	0.978	-2.12	NA
viralverify	0.5	0.978	-2.13	NA
viralverify	0.5	0.978	-2.14	NA
viralverify	0.502	0.978	-2.15	NA
viralverify	0.503	0.978	-2.16	NA
viralverify	0.503	0.978	-2.17	NA
viralverify	0.504	0.978	-2.18	NA
viralverify	0.505	0.978	-2.19	NA
viralverify	0.506	0.978	-2.2	NA
viralverify	0.508	0.978	-2.21	NA
viralverify	0.509	0.979	-2.22	NA
viralverify	0.511	0.979	-2.23	NA
viralverify	0.511	0.979	-2.24	NA
viralverify	0.512	0.979	-2.25	NA
viralverify	0.513	0.979	-2.27	NA
viralverify	0.514	0.979	-2.28	NA
viralverify	0.514	0.979	-2.29	NA
viralverify	0.515	0.979	-2.3	NA
viralverify	0.517	0.979	-2.31	NA
viralverify	0.517	0.979	-2.32	NA
viralverify	0.519	0.979	-2.33	NA
viralverify	0.52	0.979	-2.34	NA
viralverify	0.521	0.979	-2.35	NA
viralverify	0.523	0.979	-2.36	NA
viralverify	0.524	0.979	-2.38	NA
viralverify	0.525	0.979	-2.39	NA
viralverify	0.526	0.979	-2.4	NA
viralverify	0.527	0.979	-2.41	NA
viralverify	0.528	0.979	-2.42	NA
viralverify	0.529	0.979	-2.43	NA
viralverify	0.529	0.979	-2.44	NA
viralverify	0.531	0.979	-2.45	NA
viralverify	0.532	0.979	-2.46	NA
viralverify	0.532	0.979	-2.47	NA
viralverify	0.533	0.979	-2.49	NA
viralverify	0.533	0.98	-2.5	NA
viralverify	0.534	0.98	-2.51	NA
viralverify	0.535	0.98	-2.52	NA
viralverify	0.536	0.98	-2.53	NA
viralverify	0.537	0.98	-2.54	NA
viralverify	0.537	0.98	-2.55	NA
viralverify	0.538	0.98	-2.56	NA
viralverify	0.539	0.98	-2.57	NA
viralverify	0.54	0.98	-2.58	NA
viralverify	0.541	0.98	-2.59	NA
viralverify	0.541	0.98	-2.6	NA
viralverify	0.542	0.98	-2.61	NA
viralverify	0.543	0.98	-2.62	NA
viralverify	0.543	0.98	-2.63	NA
viralverify	0.544	0.98	-2.64	NA
viralverify	0.546	0.98	-2.65	NA
viralverify	0.546	0.98	-2.66	NA
viralverify	0.548	0.98	-2.68	NA
viralverify	0.548	0.98	-2.7	NA
viralverify	0.549	0.98	-2.71	NA
viralverify	0.549	0.98	-2.72	NA
viralverify	0.551	0.98	-2.73	NA
viralverify	0.552	0.98	-2.74	NA
viralverify	0.553	0.98	-2.75	NA
viralverify	0.554	0.98	-2.76	NA
viralverify	0.555	0.98	-2.78	NA
viralverify	0.556	0.98	-2.79	NA
viralverify	0.557	0.98	-2.8	NA
viralverify	0.558	0.98	-2.81	NA
viralverify	0.559	0.98	-2.82	NA
viralverify	0.561	0.986	-2.83	NA
viralverify	0.562	0.986	-2.84	NA
viralverify	0.563	0.987	-2.85	NA
viralverify	0.564	0.987	-2.86	NA
viralverify	0.564	0.987	-2.87	NA
viralverify	0.565	0.987	-2.88	NA
viralverify	0.565	0.987	-2.89	NA
viralverify	0.566	0.987	-2.9	NA
viralverify	0.567	0.987	-2.91	NA
viralverify	0.568	0.987	-2.92	NA
viralverify	0.57	0.987	-2.93	NA
viralverify	0.571	0.987	-2.94	NA
viralverify	0.571	0.987	-2.95	NA
viralverify	0.572	0.987	-2.96	NA
viralverify	0.572	0.987	-2.97	NA
viralverify	0.573	0.987	-2.98	NA
viralverify	0.574	0.987	-3.0	NA
viralverify	0.574	0.987	-3.01	NA
viralverify	0.575	0.987	-3.02	NA
viralverify	0.576	0.987	-3.04	NA
viralverify	0.576	0.987	-3.05	NA
viralverify	0.577	0.987	-3.06	NA
viralverify	0.578	0.987	-3.07	NA
viralverify	0.58	0.987	-3.09	NA
viralverify	0.58	0.987	-3.1	NA
viralverify	0.581	0.987	-3.11	NA
viralverify	0.582	0.987	-3.12	NA
viralverify	0.583	0.987	-3.13	NA
viralverify	0.583	0.987	-3.14	NA
viralverify	0.584	0.987	-3.15	NA
viralverify	0.584	0.987	-3.16	NA
viralverify	0.585	0.987	-3.17	NA
viralverify	0.586	0.987	-3.18	NA
viralverify	0.587	0.987	-3.19	NA
viralverify	0.587	0.987	-3.2	NA
viralverify	0.588	0.987	-3.21	NA
viralverify	0.589	0.987	-3.22	NA
viralverify	0.59	0.987	-3.23	NA
viralverify	0.59	0.987	-3.24	NA
viralverify	0.591	0.987	-3.25	NA
viralverify	0.595	0.987	-3.29	NA
viralverify	0.595	0.987	-3.3	NA
viralverify	0.596	0.988	-3.31	NA
viralverify	0.596	0.988	-3.32	NA
viralverify	0.597	0.988	-3.33	NA
viralverify	0.597	0.988	-3.34	NA
viralverify	0.598	0.988	-3.35	NA
viralverify	0.6	0.988	-3.36	NA
viralverify	0.6	0.988	-3.37	NA
viralverify	0.601	0.988	-3.38	NA
viralverify	0.601	0.988	-3.39	NA
viralverify	0.603	0.988	-3.42	NA
viralverify	0.604	0.988	-3.43	NA
viralverify	0.604	0.988	-3.44	NA
viralverify	0.605	0.988	-3.45	NA
viralverify	0.605	0.988	-3.46	NA
viralverify	0.607	0.988	-3.47	NA
viralverify	0.607	0.988	-3.48	NA
viralverify	0.609	0.988	-3.5	NA
viralverify	0.61	0.988	-3.51	NA
viralverify	0.611	0.988	-3.52	NA
viralverify	0.612	0.988	-3.53	NA
viralverify	0.612	0.988	-3.54	NA
viralverify	0.612	0.988	-3.55	NA
viralverify	0.613	0.988	-3.56	NA
viralverify	0.614	0.988	-3.57	NA
viralverify	0.615	0.988	-3.58	NA
viralverify	0.615	0.988	-3.59	NA
viralverify	0.616	0.988	-3.6	NA
viralverify	0.616	0.989	-3.61	NA
viralverify	0.617	0.989	-3.62	NA
viralverify	0.617	0.989	-3.63	NA
viralverify	0.618	0.989	-3.64	NA
viralverify	0.62	0.99	-3.65	NA
viralverify	0.621	0.99	-3.66	NA
viralverify	0.621	0.99	-3.67	NA
viralverify	0.622	0.992	-3.68	NA
viralverify	0.622	0.992	-3.69	NA
viralverify	0.623	0.992	-3.7	NA
viralverify	0.624	0.992	-3.73	NA
viralverify	0.625	0.992	-3.74	NA
viralverify	0.626	0.992	-3.75	NA
viralverify	0.626	0.992	-3.76	NA
viralverify	0.627	0.992	-3.77	NA
viralverify	0.627	0.992	-3.78	NA
viralverify	0.629	0.992	-3.8	NA
viralverify	0.629	0.992	-3.81	NA
viralverify	0.63	0.992	-3.82	NA
viralverify	0.635	0.992	-3.83	NA
viralverify	0.636	0.992	-3.84	NA
viralverify	0.636	0.992	-3.85	NA
viralverify	0.637	0.992	-3.86	NA
viralverify	0.637	0.993	-3.87	NA
viralverify	0.638	0.993	-3.88	NA
viralverify	0.638	0.993	-3.89	NA
viralverify	0.639	0.993	-3.9	NA
viralverify	0.639	0.993	-3.91	NA
viralverify	0.641	0.993	-3.92	NA
viralverify	0.642	0.993	-3.93	NA
viralverify	0.643	0.993	-3.94	NA
viralverify	0.643	0.993	-3.95	NA
viralverify	0.643	0.993	-3.96	NA
viralverify	0.644	0.993	-3.97	NA
viralverify	0.645	0.993	-3.99	NA
viralverify	0.645	0.993	-4.0	NA
viralverify	0.646	0.994	-4.01	NA
viralverify	0.646	0.994	-4.02	NA
viralverify	0.647	0.994	-4.04	NA
viralverify	0.648	0.994	-4.06	NA
viralverify	0.649	0.994	-4.07	NA
viralverify	0.65	0.994	-4.09	NA
viralverify	0.65	0.994	-4.1	NA
viralverify	0.651	0.994	-4.11	NA
viralverify	0.652	0.994	-4.12	NA
viralverify	0.652	0.994	-4.13	NA
viralverify	0.654	0.994	-4.14	NA
viralverify	0.654	0.994	-4.15	NA
viralverify	0.655	0.994	-4.16	NA
viralverify	0.655	0.994	-4.17	NA
viralverify	0.656	0.994	-4.18	NA
viralverify	0.657	0.994	-4.19	NA
viralverify	0.658	0.994	-4.2	NA
viralverify	0.658	0.994	-4.21	NA
viralverify	0.659	0.995	-4.22	NA
viralverify	0.659	0.995	-4.23	NA
viralverify	0.66	0.995	-4.24	NA
viralverify	0.66	0.995	-4.25	NA
viralverify	0.66	0.995	-4.26	NA
viralverify	0.661	0.995	-4.27	NA
viralverify	0.664	0.995	-4.28	NA
viralverify	0.664	0.995	-4.29	NA
viralverify	0.665	0.995	-4.3	NA
viralverify	0.666	0.995	-4.31	NA
viralverify	0.667	0.995	-4.32	NA
viralverify	0.669	0.995	-4.34	NA
viralverify	0.669	0.995	-4.35	NA
viralverify	0.671	0.995	-4.36	NA
viralverify	0.672	0.995	-4.37	NA
viralverify	0.672	0.995	-4.38	NA
viralverify	0.673	0.995	-4.39	NA
viralverify	0.674	0.995	-4.41	NA
viralverify	0.675	0.995	-4.42	NA
viralverify	0.677	0.995	-4.43	NA
viralverify	0.678	0.995	-4.44	NA
viralverify	0.679	0.995	-4.45	NA
viralverify	0.679	0.995	-4.46	NA
viralverify	0.68	0.995	-4.47	NA
viralverify	0.68	0.995	-4.48	NA
viralverify	0.681	0.995	-4.49	NA
viralverify	0.681	0.995	-4.5	NA
viralverify	0.682	0.995	-4.51	NA
viralverify	0.684	0.995	-4.52	NA
viralverify	0.684	0.995	-4.53	NA
viralverify	0.686	0.995	-4.54	NA
viralverify	0.686	0.995	-4.55	NA
viralverify	0.687	0.995	-4.56	NA
viralverify	0.687	0.995	-4.57	NA
viralverify	0.688	0.996	-4.59	NA
viralverify	0.689	0.996	-4.61	NA
viralverify	0.689	0.996	-4.62	NA
viralverify	0.69	0.996	-4.63	NA
viralverify	0.691	0.996	-4.64	NA
viralverify	0.691	0.996	-4.65	NA
viralverify	0.692	0.996	-4.66	NA
viralverify	0.693	0.996	-4.67	NA
viralverify	0.694	0.996	-4.68	NA
viralverify	0.694	0.997	-4.69	NA
viralverify	0.695	0.997	-4.7	NA
viralverify	0.695	0.997	-4.71	NA
viralverify	0.696	0.997	-4.73	NA
viralverify	0.696	0.997	-4.75	NA
viralverify	0.697	0.997	-4.76	NA
viralverify	0.697	0.997	-4.77	NA
viralverify	0.698	0.997	-4.78	NA
viralverify	0.699	0.997	-4.79	NA
viralverify	0.7	0.997	-4.8	NA
viralverify	0.7	0.997	-4.81	NA
viralverify	0.701	0.997	-4.82	NA
viralverify	0.701	0.997	-4.83	NA
viralverify	0.702	0.997	-4.84	NA
viralverify	0.703	0.997	-4.85	NA
viralverify	0.704	0.997	-4.86	NA
viralverify	0.707	0.997	-4.87	NA
viralverify	0.707	0.997	-4.88	NA
viralverify	0.708	0.997	-4.89	NA
viralverify	0.708	0.997	-4.9	NA
viralverify	0.709	0.997	-4.91	NA
viralverify	0.709	0.997	-4.92	NA
viralverify	0.71	0.997	-4.93	NA
viralverify	0.71	0.997	-4.94	NA
viralverify	0.711	0.997	-4.95	NA
viralverify	0.712	0.997	-4.96	NA
viralverify	0.712	0.997	-4.97	NA
viralverify	0.713	0.997	-4.98	NA
viralverify	0.713	0.997	-5.0	NA
viralverify	0.714	0.997	-5.01	NA
viralverify	0.714	0.997	-5.02	NA
viralverify	0.715	0.997	-5.03	NA
viralverify	0.716	0.997	-5.04	NA
viralverify	0.717	0.997	-5.05	NA
viralverify	0.718	0.997	-5.07	NA
viralverify	0.719	0.997	-5.08	NA
viralverify	0.72	0.997	-5.09	NA
viralverify	0.722	0.997	-5.1	NA
viralverify	0.723	0.997	-5.11	NA
viralverify	0.723	0.997	-5.12	NA
viralverify	0.724	0.997	-5.13	NA
viralverify	0.724	0.997	-5.14	NA
viralverify	0.725	0.998	-5.15	NA
viralverify	0.725	0.998	-5.16	NA
viralverify	0.726	0.998	-5.17	NA
viralverify	0.726	0.998	-5.18	NA
viralverify	0.727	0.998	-5.19	NA
viralverify	0.728	0.998	-5.2	NA
viralverify	0.729	0.998	-5.21	NA
viralverify	0.729	0.998	-5.22	NA
viralverify	0.729	0.998	-5.24	NA
viralverify	0.73	0.998	-5.25	NA
viralverify	0.73	0.998	-5.26	NA
viralverify	0.731	0.998	-5.27	NA
viralverify	0.731	0.998	-5.28	NA
viralverify	0.732	0.998	-5.29	NA
viralverify	0.732	0.998	-5.3	NA
viralverify	0.733	0.998	-5.31	NA
viralverify	0.734	0.998	-5.32	NA
viralverify	0.734	0.998	-5.33	NA
viralverify	0.734	0.998	-5.34	NA
viralverify	0.735	0.998	-5.35	NA
viralverify	0.735	0.998	-5.36	NA
viralverify	0.736	0.998	-5.37	NA
viralverify	0.737	0.998	-5.38	NA
viralverify	0.737	0.998	-5.39	NA
viralverify	0.738	0.998	-5.4	NA
viralverify	0.738	0.998	-5.41	NA
viralverify	0.739	0.998	-5.42	NA
viralverify	0.739	0.998	-5.44	NA
viralverify	0.74	0.998	-5.45	NA
viralverify	0.741	0.998	-5.46	NA
viralverify	0.741	0.998	-5.47	NA
viralverify	0.741	0.998	-5.48	NA
viralverify	0.741	0.998	-5.49	NA
viralverify	0.742	0.998	-5.5	NA
viralverify	0.742	0.998	-5.51	NA
viralverify	0.743	0.998	-5.52	NA
viralverify	0.745	0.998	-5.53	NA
viralverify	0.745	0.998	-5.54	NA
viralverify	0.747	0.998	-5.58	NA
viralverify	0.748	0.998	-5.59	NA
viralverify	0.748	0.998	-5.6	NA
viralverify	0.749	0.998	-5.61	NA
viralverify	0.75	0.998	-5.62	NA
viralverify	0.75	0.998	-5.63	NA
viralverify	0.752	0.998	-5.65	NA
viralverify	0.753	0.998	-5.66	NA
viralverify	0.754	0.998	-5.67	NA
viralverify	0.754	0.998	-5.68	NA
viralverify	0.755	0.998	-5.69	NA
viralverify	0.756	0.998	-5.71	NA
viralverify	0.756	0.998	-5.72	NA
viralverify	0.757	0.998	-5.73	NA
viralverify	0.758	0.998	-5.74	NA
viralverify	0.759	0.998	-5.75	NA
viralverify	0.759	0.998	-5.76	NA
viralverify	0.759	0.998	-5.77	NA
viralverify	0.76	0.998	-5.79	NA
viralverify	0.76	0.998	-5.8	NA
viralverify	0.761	0.998	-5.81	NA
viralverify	0.763	0.998	-5.82	NA
viralverify	0.764	0.998	-5.84	NA
viralverify	0.764	0.998	-5.85	NA
viralverify	0.765	0.998	-5.87	NA
viralverify	0.766	0.998	-5.88	NA
viralverify	0.767	0.998	-5.89	NA
viralverify	0.767	0.998	-5.9	NA
viralverify	0.767	0.998	-5.91	NA
viralverify	0.768	0.998	-5.93	NA
viralverify	0.769	0.998	-5.94	NA
viralverify	0.769	0.998	-5.95	NA
viralverify	0.77	0.998	-5.96	NA
viralverify	0.77	0.998	-5.97	NA
viralverify	0.771	0.998	-5.98	NA
viralverify	0.772	0.998	-5.99	NA
viralverify	0.772	0.998	-6.0	NA
viralverify	0.773	0.998	-6.01	NA
viralverify	0.773	0.998	-6.02	NA
viralverify	0.774	0.998	-6.03	NA
viralverify	0.774	0.998	-6.04	NA
viralverify	0.775	0.998	-6.05	NA
viralverify	0.776	0.998	-6.06	NA
viralverify	0.776	0.998	-6.08	NA
viralverify	0.777	0.998	-6.09	NA
viralverify	0.778	0.998	-6.1	NA
viralverify	0.778	0.998	-6.11	NA
viralverify	0.779	0.998	-6.12	NA
viralverify	0.781	0.998	-6.13	NA
viralverify	0.781	0.998	-6.14	NA
viralverify	0.782	0.998	-6.15	NA
viralverify	0.782	0.998	-6.16	NA
viralverify	0.783	0.998	-6.17	NA
viralverify	0.783	0.998	-6.18	NA
viralverify	0.785	0.998	-6.2	NA
viralverify	0.785	0.998	-6.21	NA
viralverify	0.786	0.998	-6.22	NA
viralverify	0.789	0.998	-6.24	NA
viralverify	0.79	0.998	-6.26	NA
viralverify	0.791	0.998	-6.27	NA
viralverify	0.791	0.998	-6.28	NA
viralverify	0.792	0.998	-6.29	NA
viralverify	0.792	0.998	-6.3	NA
viralverify	0.793	0.998	-6.31	NA
viralverify	0.793	0.998	-6.32	NA
viralverify	0.795	0.998	-6.35	NA
viralverify	0.795	0.998	-6.36	NA
viralverify	0.795	0.998	-6.37	NA
viralverify	0.796	0.998	-6.38	NA
viralverify	0.796	0.998	-6.39	NA
viralverify	0.796	0.998	-6.4	NA
viralverify	0.797	0.998	-6.41	NA
viralverify	0.798	0.998	-6.42	NA
viralverify	0.798	0.998	-6.44	NA
viralverify	0.798	0.998	-6.45	NA
viralverify	0.798	0.998	-6.46	NA
viralverify	0.799	0.998	-6.47	NA
viralverify	0.8	0.998	-6.49	NA
viralverify	0.8	0.998	-6.5	NA
viralverify	0.8	0.998	-6.51	NA
viralverify	0.801	0.998	-6.52	NA
viralverify	0.801	0.998	-6.53	NA
viralverify	0.803	0.998	-6.55	NA
viralverify	0.804	0.998	-6.56	NA
viralverify	0.804	0.998	-6.57	NA
viralverify	0.805	0.998	-6.6	NA
viralverify	0.806	0.998	-6.61	NA
viralverify	0.807	0.998	-6.63	NA
viralverify	0.807	0.998	-6.64	NA
viralverify	0.808	0.998	-6.65	NA
viralverify	0.808	0.998	-6.67	NA
viralverify	0.808	0.999	-6.69	NA
viralverify	0.809	0.999	-6.7	NA
viralverify	0.809	0.999	-6.71	NA
viralverify	0.81	0.999	-6.72	NA
viralverify	0.81	0.999	-6.73	NA
viralverify	0.811	0.999	-6.74	NA
viralverify	0.811	0.999	-6.75	NA
viralverify	0.811	0.999	-6.76	NA
viralverify	0.812	0.999	-6.77	NA
viralverify	0.813	0.999	-6.78	NA
viralverify	0.813	0.999	-6.79	NA
viralverify	0.813	0.999	-6.8	NA
viralverify	0.814	0.999	-6.81	NA
viralverify	0.815	0.999	-6.82	NA
viralverify	0.816	0.999	-6.83	NA
viralverify	0.816	0.999	-6.84	NA
viralverify	0.817	0.999	-6.86	NA
viralverify	0.817	0.999	-6.87	NA
viralverify	0.818	1.0	-6.88	NA
viralverify	0.819	1.0	-6.89	NA
viralverify	0.819	1.0	-6.9	NA
viralverify	0.82	1.0	-6.91	NA
viralverify	0.821	1.0	-6.93	NA
viralverify	0.821	1.0	-6.95	NA
viralverify	0.821	1.0	-6.96	NA
viralverify	0.822	1.0	-6.97	NA
viralverify	0.823	1.0	-6.98	NA
viralverify	0.823	1.0	-6.99	NA
viralverify	0.824	1.0	-7.0	NA
viralverify	0.824	1.0	-7.01	NA
viralverify	0.825	1.0	-7.02	NA
viralverify	0.825	1.0	-7.03	NA
viralverify	0.825	1.0	-7.04	NA
viralverify	0.826	1.0	-7.05	NA
viralverify	0.826	1.0	-7.06	NA
viralverify	0.828	1.0	-7.1	NA
viralverify	0.828	1.0	-7.11	NA
viralverify	0.828	1.0	-7.12	NA
viralverify	0.828	1.0	-7.13	NA
viralverify	0.829	1.0	-7.15	NA
viralverify	0.829	1.0	-7.16	NA
viralverify	0.83	1.0	-7.21	NA
viralverify	0.83	1.0	-7.24	NA
viralverify	0.831	1.0	-7.25	NA
viralverify	0.831	1.0	-7.26	NA
viralverify	0.831	1.0	-7.27	NA
viralverify	0.832	1.0	-7.28	NA
viralverify	0.832	1.0	-7.3	NA
viralverify	0.832	1.0	-7.32	NA
viralverify	0.833	1.0	-7.34	NA
viralverify	0.834	1.0	-7.41	NA
viralverify	0.834	1.0	-7.43	NA
viralverify	0.835	1.0	-7.44	NA
viralverify	0.835	1.0	-7.45	NA
viralverify	0.835	1.0	-7.46	NA
viralverify	0.835	1.0	-7.47	NA
viralverify	0.836	1.0	-7.48	NA
viralverify	0.837	1.0	-7.5	NA
viralverify	0.837	1.0	-7.54	NA
viralverify	0.838	1.0	-7.55	NA
viralverify	0.839	1.0	-7.57	NA
viralverify	0.84	1.0	-7.61	NA
viralverify	0.84	1.0	-7.64	NA
viralverify	0.84	1.0	-7.65	NA
viralverify	0.84	1.0	-7.68	NA
viralverify	0.841	1.0	-7.7	NA
viralverify	0.841	1.0	-7.71	NA
viralverify	0.842	1.0	-7.73	NA
viralverify	0.842	1.0	-7.74	NA
viralverify	0.842	1.0	-7.75	NA
viralverify	0.842	1.0	-7.78	NA
viralverify	0.843	1.0	-7.8	NA
viralverify	0.843	1.0	-7.83	NA
viralverify	0.844	1.0	-7.88	NA
viralverify	0.844	1.0	-7.91	NA
viralverify	0.844	1.0	-7.92	NA
viralverify	0.845	1.0	-7.93	NA
viralverify	0.845	1.0	-7.94	NA
viralverify	0.846	1.0	-7.95	NA
viralverify	0.846	1.0	-7.96	NA
viralverify	0.846	1.0	-7.97	NA
viralverify	0.846	1.0	-7.98	NA
viralverify	0.847	1.0	-7.99	NA
viralverify	0.847	1.0	-8.01	NA
viralverify	0.847	1.0	-8.02	NA
viralverify	0.848	1.0	-8.03	NA
viralverify	0.848	1.0	-8.05	NA
viralverify	0.848	1.0	-8.07	NA
viralverify	0.849	1.0	-8.08	NA
viralverify	0.849	1.0	-8.09	NA
viralverify	0.849	1.0	-8.1	NA
viralverify	0.849	1.0	-8.11	NA
viralverify	0.85	1.0	-8.12	NA
viralverify	0.85	1.0	-8.15	NA
viralverify	0.851	1.0	-8.16	NA
viralverify	0.851	1.0	-8.19	NA
viralverify	0.851	1.0	-8.21	NA
viralverify	0.852	1.0	-8.22	NA
viralverify	0.852	1.0	-8.23	NA
viralverify	0.853	1.0	-8.24	NA
viralverify	0.853	1.0	-8.25	NA
viralverify	0.853	1.0	-8.26	NA
viralverify	0.854	1.0	-8.27	NA
viralverify	0.854	1.0	-8.29	NA
viralverify	0.854	1.0	-8.33	NA
viralverify	0.855	1.0	-8.35	NA
viralverify	0.855	1.0	-8.36	NA
viralverify	0.856	1.0	-8.42	NA
viralverify	0.856	1.0	-8.43	NA
viralverify	0.857	1.0	-8.45	NA
viralverify	0.857	1.0	-8.47	NA
viralverify	0.857	1.0	-8.49	NA
viralverify	0.858	1.0	-8.5	NA
viralverify	0.858	1.0	-8.51	NA
viralverify	0.858	1.0	-8.52	NA
viralverify	0.859	1.0	-8.53	NA
viralverify	0.86	1.0	-8.55	NA
viralverify	0.86	1.0	-8.57	NA
viralverify	0.86	1.0	-8.59	NA
viralverify	0.861	1.0	-8.67	NA
viralverify	0.861	1.0	-8.68	NA
viralverify	0.861	1.0	-8.7	NA
viralverify	0.862	1.0	-8.72	NA
viralverify	0.862	1.0	-8.76	NA
viralverify	0.862	1.0	-8.77	NA
viralverify	0.863	1.0	-8.8	NA
viralverify	0.863	1.0	-8.82	NA
viralverify	0.863	1.0	-8.84	NA
viralverify	0.863	1.0	-8.86	NA
viralverify	0.864	1.0	-8.88	NA
viralverify	0.864	1.0	-8.89	NA
viralverify	0.865	1.0	-8.96	NA
viralverify	0.866	1.0	-8.97	NA
viralverify	0.866	1.0	-8.98	NA
viralverify	0.866	1.0	-8.99	NA
viralverify	0.866	1.0	-9.01	NA
viralverify	0.867	1.0	-9.04	NA
viralverify	0.867	1.0	-9.05	NA
viralverify	0.868	1.0	-9.07	NA
viralverify	0.868	1.0	-9.08	NA
viralverify	0.868	1.0	-9.09	NA
viralverify	0.868	1.0	-9.1	NA
viralverify	0.869	1.0	-9.13	NA
viralverify	0.869	1.0	-9.14	NA
viralverify	0.869	1.0	-9.15	NA
viralverify	0.869	1.0	-9.16	NA
viralverify	0.87	1.0	-9.17	NA
viralverify	0.87	1.0	-9.18	NA
viralverify	0.87	1.0	-9.19	NA
viralverify	0.871	1.0	-9.25	NA
viralverify	0.871	1.0	-9.26	NA
viralverify	0.871	1.0	-9.29	NA
viralverify	0.872	1.0	-9.31	NA
viralverify	0.873	1.0	-9.33	NA
viralverify	0.873	1.0	-9.41	NA
viralverify	0.874	1.0	-9.42	NA
viralverify	0.874	1.0	-9.43	NA
viralverify	0.874	1.0	-9.44	NA
viralverify	0.875	1.0	-9.45	NA
viralverify	0.875	1.0	-9.51	NA
viralverify	0.875	1.0	-9.52	NA
viralverify	0.876	1.0	-9.58	NA
viralverify	0.876	1.0	-9.62	NA
viralverify	0.876	1.0	-9.65	NA
viralverify	0.877	1.0	-9.66	NA
viralverify	0.877	1.0	-9.68	NA
viralverify	0.877	1.0	-9.7	NA
viralverify	0.877	1.0	-9.71	NA
viralverify	0.879	1.0	-9.83	NA
viralverify	0.879	1.0	-9.86	NA
viralverify	0.88	1.0	-9.87	NA
viralverify	0.88	1.0	-9.95	NA
viralverify	0.881	1.0	-9.97	NA
viralverify	0.881	1.0	-9.98	NA
viralverify	0.881	1.0	-10.0	NA
viralverify	0.881	1.0	-10.02	NA
viralverify	0.882	1.0	-10.05	NA
viralverify	0.882	1.0	-10.1	NA
viralverify	0.882	1.0	-10.12	NA
viralverify	0.883	1.0	-10.17	NA
viralverify	0.883	1.0	-10.18	NA
viralverify	0.883	1.0	-10.21	NA
viralverify	0.884	1.0	-10.22	NA
viralverify	0.884	1.0	-10.26	NA
viralverify	0.884	1.0	-10.27	NA
viralverify	0.885	1.0	-10.33	NA
viralverify	0.885	1.0	-10.36	NA
viralverify	0.885	1.0	-10.43	NA
viralverify	0.886	1.0	-10.45	NA
viralverify	0.886	1.0	-10.47	NA
viralverify	0.887	1.0	-10.53	NA
viralverify	0.887	1.0	-10.55	NA
viralverify	0.887	1.0	-10.6	NA
viralverify	0.888	1.0	-10.62	NA
viralverify	0.888	1.0	-10.67	NA
viralverify	0.888	1.0	-10.68	NA
viralverify	0.889	1.0	-10.71	NA
viralverify	0.889	1.0	-10.72	NA
viralverify	0.889	1.0	-10.73	NA
viralverify	0.889	1.0	-10.74	NA
viralverify	0.89	1.0	-10.94	NA
viralverify	0.89	1.0	-10.95	NA
viralverify	0.89	1.0	-10.96	NA
viralverify	0.891	1.0	-10.97	NA
viralverify	0.891	1.0	-10.98	NA
viralverify	0.892	1.0	-11.03	NA
viralverify	0.892	1.0	-11.04	NA
viralverify	0.892	1.0	-11.1	NA
viralverify	0.893	1.0	-11.16	NA
viralverify	0.893	1.0	-11.17	NA
viralverify	0.893	1.0	-11.2	NA
viralverify	0.894	1.0	-11.24	NA
viralverify	0.894	1.0	-11.28	NA
viralverify	0.894	1.0	-11.31	NA
viralverify	0.895	1.0	-11.37	NA
viralverify	0.896	1.0	-11.54	NA
viralverify	0.897	1.0	-11.55	NA
viralverify	0.897	1.0	-11.57	NA
viralverify	0.897	1.0	-11.58	NA
viralverify	0.897	1.0	-11.62	NA
viralverify	0.898	1.0	-11.63	NA
viralverify	0.899	1.0	-11.78	NA
viralverify	0.899	1.0	-11.81	NA
viralverify	0.9	1.0	-11.98	NA
viralverify	0.9	1.0	-11.99	NA
viralverify	0.901	1.0	-12.04	NA
viralverify	0.901	1.0	-12.05	NA
viralverify	0.901	1.0	-12.06	NA
viralverify	0.902	1.0	-12.07	NA
viralverify	0.902	1.0	-12.09	NA
viralverify	0.902	1.0	-12.11	NA
viralverify	0.902	1.0	-12.12	NA
viralverify	0.902	1.0	-12.13	NA
viralverify	0.903	1.0	-12.18	NA
viralverify	0.903	1.0	-12.19	NA
viralverify	0.903	1.0	-12.22	NA
viralverify	0.904	1.0	-12.23	NA
viralverify	0.904	1.0	-12.24	NA
viralverify	0.904	1.0	-12.27	NA
viralverify	0.905	1.0	-12.28	NA
viralverify	0.907	1.0	-12.58	NA
viralverify	0.907	1.0	-12.61	NA
viralverify	0.908	1.0	-12.76	NA
viralverify	0.908	1.0	-12.78	NA
viralverify	0.909	1.0	-12.79	NA
viralverify	0.909	1.0	-12.82	NA
viralverify	0.91	1.0	-12.88	NA
viralverify	0.91	1.0	-12.9	NA
viralverify	0.91	1.0	-12.96	NA
viralverify	0.91	1.0	-13.06	NA
viralverify	0.911	1.0	-13.08	NA
viralverify	0.911	1.0	-13.1	NA
viralverify	0.912	1.0	-13.33	NA
viralverify	0.913	1.0	-13.39	NA
viralverify	0.913	1.0	-13.41	NA
viralverify	0.913	1.0	-13.46	NA
viralverify	0.914	1.0	-13.47	NA
viralverify	0.914	1.0	-13.5	NA
viralverify	0.914	1.0	-13.51	NA
viralverify	0.914	1.0	-13.52	NA
viralverify	0.914	1.0	-13.53	NA
viralverify	0.915	1.0	-13.54	NA
viralverify	0.915	1.0	-13.57	NA
viralverify	0.915	1.0	-13.59	NA
viralverify	0.916	1.0	-13.74	NA
viralverify	0.916	1.0	-13.76	NA
viralverify	0.916	1.0	-13.79	NA
viralverify	0.917	1.0	-13.8	NA
viralverify	0.918	1.0	-13.94	NA
viralverify	0.918	1.0	-14.04	NA
viralverify	0.919	1.0	-14.15	NA
viralverify	0.92	1.0	-14.34	NA
viralverify	0.921	1.0	-14.36	NA
viralverify	0.922	1.0	-14.66	NA
viralverify	0.923	1.0	-14.68	NA
viralverify	0.925	1.0	-15.28	NA
viralverify	0.925	1.0	-15.3	NA
viralverify	0.926	1.0	-15.4	NA
viralverify	0.927	1.0	-15.42	NA
viralverify	0.927	1.0	-15.5	NA
viralverify	0.927	1.0	-15.53	NA
viralverify	0.927	1.0	-15.54	NA
viralverify	0.928	1.0	-15.57	NA
viralverify	0.929	1.0	-15.73	NA
viralverify	0.929	1.0	-15.79	NA
viralverify	0.93	1.0	-15.95	NA
viralverify	0.93	1.0	-16.0	NA
viralverify	0.931	1.0	-16.09	NA
viralverify	0.931	1.0	-16.11	NA
viralverify	0.932	1.0	-16.23	NA
viralverify	0.932	1.0	-16.24	NA
viralverify	0.933	1.0	-16.34	NA
viralverify	0.933	1.0	-16.37	NA
viralverify	0.933	1.0	-16.46	NA
viralverify	0.934	1.0	-16.49	NA
viralverify	0.934	1.0	-16.61	NA
viralverify	0.934	1.0	-16.62	NA
viralverify	0.934	1.0	-16.64	NA
viralverify	0.935	1.0	-16.73	NA
viralverify	0.936	1.0	-16.91	NA
viralverify	0.936	1.0	-16.95	NA
viralverify	0.938	1.0	-17.28	NA
viralverify	0.938	1.0	-17.32	NA
viralverify	0.939	1.0	-17.38	NA
viralverify	0.939	1.0	-17.4	NA
viralverify	0.94	1.0	-17.74	NA
viralverify	0.941	1.0	-17.76	NA
viralverify	0.941	1.0	-17.96	NA
viralverify	0.941	1.0	-18.01	NA
viralverify	0.942	1.0	-18.05	NA
viralverify	0.942	1.0	-18.06	NA
viralverify	0.943	1.0	-18.16	NA
viralverify	0.943	1.0	-18.2	NA
viralverify	0.944	1.0	-18.31	NA
viralverify	0.944	1.0	-18.39	NA
viralverify	0.944	1.0	-18.49	NA
viralverify	0.945	1.0	-18.5	NA
viralverify	0.945	1.0	-18.64	NA
viralverify	0.945	1.0	-18.7	NA
viralverify	0.947	1.0	-19.2	NA
viralverify	0.947	1.0	-19.25	NA
viralverify	0.947	1.0	-19.31	NA
viralverify	0.947	1.0	-19.37	NA
viralverify	0.949	1.0	-19.89	NA
viralverify	0.949	1.0	-19.97	NA
viralverify	0.949	1.0	-20.02	NA
viralverify	0.95	1.0	-20.15	NA
viralverify	0.95	1.0	-20.54	NA
viralverify	0.951	1.0	-20.55	NA
viralverify	0.951	1.0	-20.62	NA
viralverify	0.951	1.0	-20.63	NA
viralverify	0.951	1.0	-20.65	NA
viralverify	0.952	1.0	-20.68	NA
viralverify	0.952	1.0	-21.13	NA
viralverify	0.953	1.0	-21.2	NA
viralverify	0.954	1.0	-21.68	NA
viralverify	0.954	1.0	-21.78	NA
viralverify	0.955	1.0	-22.18	NA
viralverify	0.955	1.0	-22.25	NA
viralverify	0.96	1.0	-25.0	NA
viralverify	0.96	1.0	-25.04	NA
viralverify	0.961	1.0	-25.12	NA
viralverify	0.961	1.0	-25.15	NA
viralverify	0.963	1.0	-25.73	NA
viralverify	0.963	1.0	-25.78	NA
viralverify	0.964	1.0	-26.07	NA
viralverify	0.964	1.0	-26.08	NA
viralverify	0.966	1.0	-26.97	NA
viralverify	0.966	1.0	-27.02	NA
viralverify	0.967	1.0	-27.34	NA
viralverify	0.967	1.0	-27.41	NA
viralverify	0.973	1.0	-31.41	NA
viralverify	0.973	1.0	-31.73	NA
viralverify	0.975	1.0	-33.04	NA
viralverify	0.975	1.0	-33.08	NA
viralverify	0.982	1.0	-45.01	NA
viralverify	0.983	1.0	-45.22	NA
viralverify	0.985	1.0	-47.54	NA
viralverify	0.985	1.0	-47.99	NA
viralverify	1.0	1.0	-1881.47	NA
