tool	precision	recall	threshold	summmary
virusseeker	0.249	1.0	0.0	NA
virusseeker	0.452	0.837	0.5	NA
virusseeker	0.459	0.836	0.51	NA
virusseeker	0.473	0.833	0.52	NA
virusseeker	0.484	0.829	0.53	NA
virusseeker	0.499	0.826	0.54	NA
virusseeker	0.515	0.822	0.55	NA
virusseeker	0.531	0.818	0.56	NA
virusseeker	0.55	0.816	0.57	NA
virusseeker	0.563	0.811	0.58	NA
virusseeker	0.581	0.808	0.59	NA
virusseeker	0.598	0.802	0.6	NA
virusseeker	0.615	0.794	0.61	NA
virusseeker	0.631	0.788	0.62	NA
virusseeker	0.648	0.782	0.63	NA
virusseeker	0.664	0.775	0.64	NA
virusseeker	0.68	0.769	0.65	NA
virusseeker	0.697	0.763	0.66	NA
virusseeker	0.712	0.757	0.67	NA
virusseeker	0.726	0.75	0.68	NA
virusseeker	0.745	0.741	0.69	NA
virusseeker	0.76	0.735	0.7	NA
virusseeker	0.78	0.729	0.71	NA
virusseeker	0.804	0.721	0.72	NA
virusseeker	0.819	0.717	0.73	NA
virusseeker	0.834	0.711	0.74	NA
virusseeker	0.85	0.702	0.75	NA
virusseeker	0.867	0.695	0.76	NA
virusseeker	0.88	0.687	0.77	NA
virusseeker	0.895	0.682	0.78	NA
virusseeker	0.904	0.673	0.79	NA
virusseeker	0.913	0.665	0.8	NA
virusseeker	0.923	0.658	0.81	NA
virusseeker	0.928	0.649	0.82	NA
virusseeker	0.938	0.639	0.83	NA
virusseeker	0.947	0.632	0.84	NA
virusseeker	0.959	0.617	0.85	NA
virusseeker	0.968	0.608	0.86	NA
virusseeker	0.972	0.598	0.87	NA
virusseeker	0.974	0.58	0.88	NA
virusseeker	0.979	0.558	0.89	NA
virusseeker	0.987	0.535	0.9	NA
virusseeker	0.989	0.496	0.91	NA
virusseeker	0.989	0.459	0.92	NA
virusseeker	0.989	0.409	0.93	NA
virusseeker	0.99	0.335	0.94	NA
virusseeker	0.99	0.269	0.95	NA
virusseeker	0.989	0.189	0.96	NA
virusseeker	0.99	0.12	0.97	NA
virusseeker	0.981	0.063	0.98	NA
virusseeker	1.0	0.017	0.99	NA
virfinder	0.249	1.0	0.0	NA
virfinder	0.252	1.0	0.01	NA
virfinder	0.26	0.999	0.02	NA
virfinder	0.269	0.999	0.03	NA
virfinder	0.277	0.998	0.04	NA
virfinder	0.285	0.996	0.05	NA
virfinder	0.294	0.994	0.06	NA
virfinder	0.304	0.993	0.07	NA
virfinder	0.313	0.992	0.08	NA
virfinder	0.322	0.99	0.09	NA
virfinder	0.331	0.988	0.1	NA
virfinder	0.34	0.987	0.11	NA
virfinder	0.349	0.986	0.12	NA
virfinder	0.358	0.984	0.13	NA
virfinder	0.367	0.982	0.14	NA
virfinder	0.376	0.98	0.15	NA
virfinder	0.386	0.979	0.16	NA
virfinder	0.395	0.976	0.17	NA
virfinder	0.403	0.973	0.18	NA
virfinder	0.412	0.968	0.19	NA
virfinder	0.42	0.966	0.2	NA
virfinder	0.429	0.964	0.21	NA
virfinder	0.438	0.962	0.22	NA
virfinder	0.446	0.96	0.23	NA
virfinder	0.455	0.957	0.24	NA
virfinder	0.463	0.955	0.25	NA
virfinder	0.471	0.95	0.26	NA
virfinder	0.479	0.948	0.27	NA
virfinder	0.489	0.945	0.28	NA
virfinder	0.497	0.942	0.29	NA
virfinder	0.505	0.938	0.3	NA
virfinder	0.514	0.937	0.31	NA
virfinder	0.521	0.932	0.32	NA
virfinder	0.53	0.93	0.33	NA
virfinder	0.538	0.928	0.34	NA
virfinder	0.547	0.925	0.35	NA
virfinder	0.556	0.922	0.36	NA
virfinder	0.562	0.915	0.37	NA
virfinder	0.57	0.912	0.38	NA
virfinder	0.578	0.908	0.39	NA
virfinder	0.585	0.902	0.4	NA
virfinder	0.592	0.901	0.41	NA
virfinder	0.601	0.895	0.42	NA
virfinder	0.611	0.892	0.43	NA
virfinder	0.619	0.887	0.44	NA
virfinder	0.628	0.884	0.45	NA
virfinder	0.637	0.882	0.46	NA
virfinder	0.646	0.878	0.47	NA
virfinder	0.653	0.873	0.48	NA
virfinder	0.659	0.868	0.49	NA
virfinder	0.665	0.865	0.5	NA
virfinder	0.675	0.861	0.51	NA
virfinder	0.683	0.857	0.52	NA
virfinder	0.69	0.85	0.53	NA
virfinder	0.695	0.844	0.54	NA
virfinder	0.701	0.839	0.55	NA
virfinder	0.709	0.833	0.56	NA
virfinder	0.721	0.828	0.57	NA
virfinder	0.726	0.824	0.58	NA
virfinder	0.734	0.818	0.59	NA
virfinder	0.742	0.814	0.6	NA
virfinder	0.747	0.811	0.61	NA
virfinder	0.753	0.804	0.62	NA
virfinder	0.764	0.798	0.63	NA
virfinder	0.774	0.795	0.64	NA
virfinder	0.779	0.788	0.65	NA
virfinder	0.79	0.782	0.66	NA
virfinder	0.799	0.777	0.67	NA
virfinder	0.811	0.77	0.68	NA
virfinder	0.819	0.765	0.69	NA
virfinder	0.828	0.759	0.7	NA
virfinder	0.835	0.752	0.71	NA
virfinder	0.842	0.744	0.72	NA
virfinder	0.849	0.736	0.73	NA
virfinder	0.853	0.724	0.74	NA
virfinder	0.859	0.716	0.75	NA
virfinder	0.868	0.709	0.76	NA
virfinder	0.875	0.703	0.77	NA
virfinder	0.882	0.693	0.78	NA
virfinder	0.888	0.681	0.79	NA
virfinder	0.893	0.671	0.8	NA
virfinder	0.898	0.66	0.81	NA
virfinder	0.905	0.65	0.82	NA
virfinder	0.911	0.637	0.83	NA
virfinder	0.918	0.624	0.84	NA
virfinder	0.924	0.613	0.85	NA
virfinder	0.93	0.601	0.86	NA
virfinder	0.933	0.587	0.87	NA
virfinder	0.938	0.572	0.88	NA
virfinder	0.939	0.555	0.89	NA
virfinder	0.943	0.532	0.9	NA
virfinder	0.954	0.512	0.91	NA
virfinder	0.958	0.489	0.92	NA
virfinder	0.964	0.46	0.93	NA
virfinder	0.967	0.434	0.94	NA
virfinder	0.974	0.405	0.95	NA
virfinder	0.977	0.364	0.96	NA
virfinder	0.976	0.316	0.97	NA
virfinder	0.981	0.256	0.98	NA
virfinder	0.986	0.171	0.99	NA
virfinder	0.993	0.061	1.0	NA
virsorter2	0.705	1.0	0.0	NA
virsorter2	0.704	0.974	0.5	NA
virsorter2	0.707	0.974	0.51	NA
virsorter2	0.712	0.973	0.52	NA
virsorter2	0.714	0.973	0.53	NA
virsorter2	0.719	0.973	0.54	NA
virsorter2	0.722	0.972	0.55	NA
virsorter2	0.727	0.972	0.56	NA
virsorter2	0.73	0.971	0.57	NA
virsorter2	0.734	0.969	0.58	NA
virsorter2	0.737	0.968	0.59	NA
virsorter2	0.74	0.966	0.6	NA
virsorter2	0.743	0.966	0.61	NA
virsorter2	0.748	0.964	0.62	NA
virsorter2	0.75	0.963	0.63	NA
virsorter2	0.752	0.963	0.64	NA
virsorter2	0.755	0.962	0.65	NA
virsorter2	0.759	0.959	0.66	NA
virsorter2	0.761	0.959	0.67	NA
virsorter2	0.764	0.956	0.68	NA
virsorter2	0.768	0.954	0.69	NA
virsorter2	0.773	0.951	0.7	NA
virsorter2	0.775	0.949	0.71	NA
virsorter2	0.779	0.948	0.72	NA
virsorter2	0.783	0.947	0.73	NA
virsorter2	0.787	0.94	0.74	NA
virsorter2	0.789	0.938	0.75	NA
virsorter2	0.793	0.934	0.76	NA
virsorter2	0.797	0.932	0.77	NA
virsorter2	0.803	0.927	0.78	NA
virsorter2	0.806	0.926	0.79	NA
virsorter2	0.809	0.919	0.8	NA
virsorter2	0.812	0.918	0.81	NA
virsorter2	0.817	0.911	0.82	NA
virsorter2	0.819	0.907	0.83	NA
virsorter2	0.823	0.898	0.84	NA
virsorter2	0.827	0.893	0.85	NA
virsorter2	0.832	0.882	0.86	NA
virsorter2	0.834	0.876	0.87	NA
virsorter2	0.84	0.863	0.88	NA
virsorter2	0.844	0.856	0.89	NA
virsorter2	0.848	0.84	0.9	NA
virsorter2	0.854	0.83	0.91	NA
virsorter2	0.86	0.807	0.92	NA
virsorter2	0.867	0.794	0.93	NA
virsorter2	0.874	0.763	0.94	NA
virsorter2	0.877	0.741	0.95	NA
virsorter2	0.884	0.686	0.96	NA
virsorter2	0.883	0.651	0.97	NA
virsorter2	0.891	0.561	0.98	NA
virsorter2	0.896	0.495	0.99	NA
virsorter2	0.902	0.266	1.0	NA
deepvirfinder	0.258	1.0	0.0	NA
deepvirfinder	0.273	0.999	0.01	NA
deepvirfinder	0.287	0.998	0.02	NA
deepvirfinder	0.297	0.997	0.03	NA
deepvirfinder	0.305	0.996	0.04	NA
deepvirfinder	0.316	0.995	0.05	NA
deepvirfinder	0.325	0.992	0.06	NA
deepvirfinder	0.334	0.991	0.07	NA
deepvirfinder	0.343	0.991	0.08	NA
deepvirfinder	0.351	0.991	0.09	NA
deepvirfinder	0.36	0.989	0.1	NA
deepvirfinder	0.368	0.987	0.11	NA
deepvirfinder	0.376	0.986	0.12	NA
deepvirfinder	0.382	0.984	0.13	NA
deepvirfinder	0.389	0.983	0.14	NA
deepvirfinder	0.396	0.983	0.15	NA
deepvirfinder	0.403	0.982	0.16	NA
deepvirfinder	0.41	0.981	0.17	NA
deepvirfinder	0.417	0.98	0.18	NA
deepvirfinder	0.423	0.979	0.19	NA
deepvirfinder	0.429	0.978	0.2	NA
deepvirfinder	0.434	0.978	0.21	NA
deepvirfinder	0.438	0.977	0.22	NA
deepvirfinder	0.445	0.977	0.23	NA
deepvirfinder	0.45	0.975	0.24	NA
deepvirfinder	0.455	0.975	0.25	NA
deepvirfinder	0.461	0.973	0.26	NA
deepvirfinder	0.468	0.971	0.27	NA
deepvirfinder	0.473	0.97	0.28	NA
deepvirfinder	0.476	0.967	0.29	NA
deepvirfinder	0.482	0.967	0.3	NA
deepvirfinder	0.488	0.967	0.31	NA
deepvirfinder	0.493	0.967	0.32	NA
deepvirfinder	0.498	0.967	0.33	NA
deepvirfinder	0.504	0.965	0.34	NA
deepvirfinder	0.509	0.965	0.35	NA
deepvirfinder	0.514	0.965	0.36	NA
deepvirfinder	0.519	0.964	0.37	NA
deepvirfinder	0.524	0.963	0.38	NA
deepvirfinder	0.529	0.961	0.39	NA
deepvirfinder	0.535	0.959	0.4	NA
deepvirfinder	0.54	0.958	0.41	NA
deepvirfinder	0.546	0.956	0.42	NA
deepvirfinder	0.554	0.954	0.43	NA
deepvirfinder	0.56	0.953	0.44	NA
deepvirfinder	0.564	0.95	0.45	NA
deepvirfinder	0.571	0.949	0.46	NA
deepvirfinder	0.578	0.948	0.47	NA
deepvirfinder	0.583	0.945	0.48	NA
deepvirfinder	0.589	0.941	0.49	NA
deepvirfinder	0.598	0.939	0.5	NA
deepvirfinder	0.605	0.935	0.51	NA
deepvirfinder	0.611	0.93	0.52	NA
deepvirfinder	0.62	0.928	0.53	NA
deepvirfinder	0.627	0.924	0.54	NA
deepvirfinder	0.634	0.921	0.55	NA
deepvirfinder	0.642	0.917	0.56	NA
deepvirfinder	0.651	0.915	0.57	NA
deepvirfinder	0.659	0.912	0.58	NA
deepvirfinder	0.666	0.91	0.59	NA
deepvirfinder	0.671	0.907	0.6	NA
deepvirfinder	0.678	0.904	0.61	NA
deepvirfinder	0.684	0.902	0.62	NA
deepvirfinder	0.692	0.9	0.63	NA
deepvirfinder	0.699	0.897	0.64	NA
deepvirfinder	0.704	0.894	0.65	NA
deepvirfinder	0.709	0.889	0.66	NA
deepvirfinder	0.713	0.882	0.67	NA
deepvirfinder	0.72	0.878	0.68	NA
deepvirfinder	0.727	0.874	0.69	NA
deepvirfinder	0.735	0.87	0.7	NA
deepvirfinder	0.739	0.865	0.71	NA
deepvirfinder	0.743	0.863	0.72	NA
deepvirfinder	0.747	0.86	0.73	NA
deepvirfinder	0.756	0.859	0.74	NA
deepvirfinder	0.758	0.856	0.75	NA
deepvirfinder	0.761	0.851	0.76	NA
deepvirfinder	0.765	0.847	0.77	NA
deepvirfinder	0.772	0.843	0.78	NA
deepvirfinder	0.778	0.838	0.79	NA
deepvirfinder	0.783	0.834	0.8	NA
deepvirfinder	0.788	0.829	0.81	NA
deepvirfinder	0.794	0.826	0.82	NA
deepvirfinder	0.8	0.822	0.83	NA
deepvirfinder	0.802	0.818	0.84	NA
deepvirfinder	0.809	0.817	0.85	NA
deepvirfinder	0.815	0.813	0.86	NA
deepvirfinder	0.822	0.807	0.87	NA
deepvirfinder	0.829	0.8	0.88	NA
deepvirfinder	0.838	0.795	0.89	NA
deepvirfinder	0.841	0.79	0.9	NA
deepvirfinder	0.848	0.783	0.91	NA
deepvirfinder	0.852	0.771	0.92	NA
deepvirfinder	0.859	0.765	0.93	NA
deepvirfinder	0.866	0.755	0.94	NA
deepvirfinder	0.87	0.742	0.95	NA
deepvirfinder	0.882	0.734	0.96	NA
deepvirfinder	0.89	0.715	0.97	NA
deepvirfinder	0.896	0.689	0.98	NA
deepvirfinder	0.919	0.665	0.99	NA
deepvirfinder	0.944	0.594	1.0	NA
viralverify	0.288	1.0	-6.91	NA
viralverify	0.288	1.0	-6.9	NA
viralverify	0.288	1.0	-6.89	NA
viralverify	0.289	1.0	-6.88	NA
viralverify	0.289	0.999	-6.87	NA
viralverify	0.289	0.999	-6.86	NA
viralverify	0.289	0.999	-6.85	NA
viralverify	0.289	0.999	-6.84	NA
viralverify	0.289	0.999	-6.83	NA
viralverify	0.289	0.999	-6.82	NA
viralverify	0.289	0.999	-6.81	NA
viralverify	0.29	0.999	-6.8	NA
viralverify	0.29	0.999	-6.79	NA
viralverify	0.29	0.999	-6.78	NA
viralverify	0.29	0.999	-6.77	NA
viralverify	0.29	0.999	-6.76	NA
viralverify	0.29	0.999	-6.75	NA
viralverify	0.29	0.999	-6.74	NA
viralverify	0.291	0.999	-6.73	NA
viralverify	0.291	0.999	-6.72	NA
viralverify	0.291	0.999	-6.71	NA
viralverify	0.291	0.999	-6.7	NA
viralverify	0.291	0.999	-6.69	NA
viralverify	0.291	0.998	-6.67	NA
viralverify	0.291	0.998	-6.66	NA
viralverify	0.291	0.998	-6.65	NA
viralverify	0.291	0.998	-6.64	NA
viralverify	0.291	0.998	-6.63	NA
viralverify	0.291	0.998	-6.62	NA
viralverify	0.292	0.998	-6.61	NA
viralverify	0.292	0.998	-6.6	NA
viralverify	0.292	0.998	-6.58	NA
viralverify	0.292	0.998	-6.57	NA
viralverify	0.292	0.998	-6.56	NA
viralverify	0.292	0.998	-6.55	NA
viralverify	0.292	0.998	-6.54	NA
viralverify	0.293	0.998	-6.53	NA
viralverify	0.293	0.998	-6.52	NA
viralverify	0.293	0.998	-6.51	NA
viralverify	0.293	0.998	-6.5	NA
viralverify	0.293	0.998	-6.49	NA
viralverify	0.293	0.998	-6.48	NA
viralverify	0.293	0.998	-6.47	NA
viralverify	0.293	0.998	-6.46	NA
viralverify	0.293	0.998	-6.45	NA
viralverify	0.294	0.998	-6.44	NA
viralverify	0.294	0.998	-6.42	NA
viralverify	0.294	0.998	-6.41	NA
viralverify	0.294	0.998	-6.4	NA
viralverify	0.294	0.998	-6.39	NA
viralverify	0.294	0.998	-6.38	NA
viralverify	0.294	0.998	-6.37	NA
viralverify	0.294	0.998	-6.36	NA
viralverify	0.294	0.998	-6.35	NA
viralverify	0.294	0.998	-6.34	NA
viralverify	0.295	0.998	-6.33	NA
viralverify	0.295	0.998	-6.32	NA
viralverify	0.295	0.998	-6.31	NA
viralverify	0.295	0.998	-6.3	NA
viralverify	0.295	0.998	-6.29	NA
viralverify	0.295	0.998	-6.28	NA
viralverify	0.295	0.998	-6.27	NA
viralverify	0.296	0.998	-6.26	NA
viralverify	0.296	0.998	-6.25	NA
viralverify	0.296	0.998	-6.24	NA
viralverify	0.296	0.998	-6.23	NA
viralverify	0.297	0.998	-6.22	NA
viralverify	0.297	0.998	-6.21	NA
viralverify	0.297	0.998	-6.2	NA
viralverify	0.297	0.998	-6.19	NA
viralverify	0.297	0.998	-6.18	NA
viralverify	0.297	0.998	-6.17	NA
viralverify	0.297	0.998	-6.16	NA
viralverify	0.298	0.998	-6.15	NA
viralverify	0.298	0.998	-6.14	NA
viralverify	0.298	0.998	-6.13	NA
viralverify	0.298	0.998	-6.12	NA
viralverify	0.299	0.998	-6.11	NA
viralverify	0.299	0.998	-6.1	NA
viralverify	0.299	0.998	-6.09	NA
viralverify	0.299	0.998	-6.08	NA
viralverify	0.299	0.998	-6.06	NA
viralverify	0.299	0.998	-6.05	NA
viralverify	0.3	0.998	-6.04	NA
viralverify	0.3	0.998	-6.03	NA
viralverify	0.3	0.998	-6.02	NA
viralverify	0.3	0.998	-6.01	NA
viralverify	0.3	0.998	-6.0	NA
viralverify	0.3	0.998	-5.99	NA
viralverify	0.301	0.998	-5.98	NA
viralverify	0.301	0.998	-5.97	NA
viralverify	0.301	0.998	-5.96	NA
viralverify	0.301	0.998	-5.95	NA
viralverify	0.301	0.998	-5.94	NA
viralverify	0.301	0.998	-5.93	NA
viralverify	0.302	0.998	-5.91	NA
viralverify	0.302	0.998	-5.9	NA
viralverify	0.302	0.998	-5.89	NA
viralverify	0.302	0.998	-5.88	NA
viralverify	0.302	0.998	-5.87	NA
viralverify	0.302	0.998	-5.86	NA
viralverify	0.302	0.998	-5.85	NA
viralverify	0.303	0.998	-5.84	NA
viralverify	0.303	0.998	-5.83	NA
viralverify	0.303	0.998	-5.82	NA
viralverify	0.303	0.998	-5.81	NA
viralverify	0.303	0.998	-5.8	NA
viralverify	0.304	0.998	-5.79	NA
viralverify	0.304	0.998	-5.78	NA
viralverify	0.304	0.998	-5.77	NA
viralverify	0.304	0.998	-5.76	NA
viralverify	0.304	0.998	-5.75	NA
viralverify	0.304	0.998	-5.74	NA
viralverify	0.304	0.998	-5.73	NA
viralverify	0.305	0.998	-5.72	NA
viralverify	0.305	0.998	-5.71	NA
viralverify	0.305	0.998	-5.7	NA
viralverify	0.305	0.998	-5.69	NA
viralverify	0.305	0.998	-5.68	NA
viralverify	0.305	0.998	-5.67	NA
viralverify	0.306	0.998	-5.66	NA
viralverify	0.306	0.998	-5.65	NA
viralverify	0.306	0.998	-5.64	NA
viralverify	0.306	0.998	-5.63	NA
viralverify	0.306	0.998	-5.62	NA
viralverify	0.307	0.998	-5.61	NA
viralverify	0.307	0.998	-5.6	NA
viralverify	0.307	0.998	-5.59	NA
viralverify	0.307	0.998	-5.58	NA
viralverify	0.307	0.998	-5.57	NA
viralverify	0.308	0.998	-5.56	NA
viralverify	0.308	0.998	-5.54	NA
viralverify	0.308	0.998	-5.53	NA
viralverify	0.308	0.998	-5.52	NA
viralverify	0.309	0.998	-5.51	NA
viralverify	0.309	0.998	-5.5	NA
viralverify	0.309	0.998	-5.49	NA
viralverify	0.309	0.998	-5.48	NA
viralverify	0.309	0.998	-5.47	NA
viralverify	0.309	0.998	-5.46	NA
viralverify	0.309	0.998	-5.45	NA
viralverify	0.31	0.998	-5.44	NA
viralverify	0.31	0.998	-5.43	NA
viralverify	0.31	0.998	-5.42	NA
viralverify	0.31	0.998	-5.41	NA
viralverify	0.31	0.998	-5.4	NA
viralverify	0.31	0.998	-5.39	NA
viralverify	0.31	0.998	-5.38	NA
viralverify	0.31	0.998	-5.37	NA
viralverify	0.311	0.998	-5.36	NA
viralverify	0.311	0.998	-5.35	NA
viralverify	0.311	0.998	-5.34	NA
viralverify	0.311	0.998	-5.33	NA
viralverify	0.311	0.998	-5.32	NA
viralverify	0.311	0.998	-5.31	NA
viralverify	0.312	0.998	-5.3	NA
viralverify	0.312	0.998	-5.29	NA
viralverify	0.312	0.998	-5.28	NA
viralverify	0.312	0.998	-5.27	NA
viralverify	0.312	0.998	-5.26	NA
viralverify	0.312	0.998	-5.25	NA
viralverify	0.312	0.998	-5.24	NA
viralverify	0.313	0.998	-5.22	NA
viralverify	0.313	0.998	-5.21	NA
viralverify	0.313	0.998	-5.2	NA
viralverify	0.313	0.998	-5.19	NA
viralverify	0.313	0.998	-5.18	NA
viralverify	0.313	0.998	-5.17	NA
viralverify	0.314	0.998	-5.16	NA
viralverify	0.314	0.998	-5.15	NA
viralverify	0.314	0.997	-5.14	NA
viralverify	0.314	0.997	-5.13	NA
viralverify	0.314	0.997	-5.12	NA
viralverify	0.314	0.997	-5.11	NA
viralverify	0.314	0.997	-5.1	NA
viralverify	0.315	0.997	-5.09	NA
viralverify	0.315	0.997	-5.08	NA
viralverify	0.316	0.997	-5.07	NA
viralverify	0.316	0.997	-5.06	NA
viralverify	0.316	0.997	-5.05	NA
viralverify	0.316	0.997	-5.04	NA
viralverify	0.317	0.997	-5.03	NA
viralverify	0.317	0.997	-5.02	NA
viralverify	0.317	0.997	-5.01	NA
viralverify	0.317	0.997	-5.0	NA
viralverify	0.317	0.997	-4.99	NA
viralverify	0.317	0.997	-4.98	NA
viralverify	0.317	0.997	-4.97	NA
viralverify	0.317	0.997	-4.96	NA
viralverify	0.318	0.997	-4.95	NA
viralverify	0.318	0.997	-4.94	NA
viralverify	0.318	0.997	-4.93	NA
viralverify	0.318	0.997	-4.92	NA
viralverify	0.318	0.997	-4.91	NA
viralverify	0.318	0.997	-4.9	NA
viralverify	0.319	0.997	-4.89	NA
viralverify	0.319	0.997	-4.88	NA
viralverify	0.319	0.997	-4.87	NA
viralverify	0.32	0.997	-4.86	NA
viralverify	0.32	0.997	-4.85	NA
viralverify	0.32	0.997	-4.84	NA
viralverify	0.321	0.997	-4.83	NA
viralverify	0.321	0.997	-4.82	NA
viralverify	0.321	0.997	-4.81	NA
viralverify	0.321	0.997	-4.8	NA
viralverify	0.322	0.997	-4.79	NA
viralverify	0.322	0.997	-4.78	NA
viralverify	0.322	0.997	-4.77	NA
viralverify	0.322	0.997	-4.76	NA
viralverify	0.322	0.997	-4.75	NA
viralverify	0.322	0.997	-4.74	NA
viralverify	0.322	0.997	-4.73	NA
viralverify	0.323	0.997	-4.71	NA
viralverify	0.323	0.997	-4.7	NA
viralverify	0.323	0.997	-4.69	NA
viralverify	0.323	0.996	-4.68	NA
viralverify	0.323	0.996	-4.67	NA
viralverify	0.323	0.996	-4.66	NA
viralverify	0.324	0.996	-4.65	NA
viralverify	0.324	0.996	-4.64	NA
viralverify	0.324	0.996	-4.63	NA
viralverify	0.324	0.996	-4.62	NA
viralverify	0.324	0.996	-4.61	NA
viralverify	0.325	0.996	-4.59	NA
viralverify	0.325	0.995	-4.57	NA
viralverify	0.325	0.995	-4.56	NA
viralverify	0.325	0.995	-4.55	NA
viralverify	0.325	0.995	-4.54	NA
viralverify	0.326	0.995	-4.53	NA
viralverify	0.326	0.995	-4.52	NA
viralverify	0.326	0.995	-4.51	NA
viralverify	0.327	0.995	-4.5	NA
viralverify	0.327	0.995	-4.49	NA
viralverify	0.327	0.995	-4.48	NA
viralverify	0.327	0.995	-4.47	NA
viralverify	0.327	0.995	-4.46	NA
viralverify	0.327	0.995	-4.45	NA
viralverify	0.328	0.995	-4.44	NA
viralverify	0.328	0.995	-4.43	NA
viralverify	0.329	0.995	-4.42	NA
viralverify	0.329	0.995	-4.41	NA
viralverify	0.329	0.995	-4.4	NA
viralverify	0.329	0.995	-4.39	NA
viralverify	0.329	0.995	-4.38	NA
viralverify	0.33	0.995	-4.37	NA
viralverify	0.33	0.995	-4.36	NA
viralverify	0.331	0.995	-4.35	NA
viralverify	0.331	0.995	-4.34	NA
viralverify	0.331	0.995	-4.32	NA
viralverify	0.332	0.995	-4.31	NA
viralverify	0.332	0.995	-4.3	NA
viralverify	0.332	0.995	-4.29	NA
viralverify	0.332	0.995	-4.28	NA
viralverify	0.333	0.995	-4.27	NA
viralverify	0.333	0.995	-4.26	NA
viralverify	0.334	0.995	-4.25	NA
viralverify	0.334	0.995	-4.24	NA
viralverify	0.334	0.995	-4.23	NA
viralverify	0.334	0.995	-4.22	NA
viralverify	0.334	0.994	-4.21	NA
viralverify	0.334	0.994	-4.2	NA
viralverify	0.335	0.994	-4.19	NA
viralverify	0.335	0.994	-4.18	NA
viralverify	0.335	0.994	-4.17	NA
viralverify	0.335	0.994	-4.16	NA
viralverify	0.335	0.994	-4.15	NA
viralverify	0.336	0.994	-4.14	NA
viralverify	0.336	0.994	-4.13	NA
viralverify	0.336	0.994	-4.12	NA
viralverify	0.336	0.994	-4.11	NA
viralverify	0.337	0.994	-4.1	NA
viralverify	0.337	0.994	-4.09	NA
viralverify	0.337	0.994	-4.08	NA
viralverify	0.337	0.994	-4.07	NA
viralverify	0.337	0.994	-4.06	NA
viralverify	0.337	0.994	-4.05	NA
viralverify	0.338	0.994	-4.04	NA
viralverify	0.338	0.994	-4.03	NA
viralverify	0.338	0.994	-4.02	NA
viralverify	0.338	0.994	-4.01	NA
viralverify	0.338	0.993	-4.0	NA
viralverify	0.339	0.993	-3.99	NA
viralverify	0.339	0.993	-3.97	NA
viralverify	0.339	0.993	-3.96	NA
viralverify	0.339	0.993	-3.95	NA
viralverify	0.339	0.993	-3.94	NA
viralverify	0.339	0.993	-3.93	NA
viralverify	0.34	0.993	-3.92	NA
viralverify	0.34	0.993	-3.91	NA
viralverify	0.34	0.993	-3.9	NA
viralverify	0.341	0.993	-3.89	NA
viralverify	0.341	0.993	-3.88	NA
viralverify	0.341	0.993	-3.87	NA
viralverify	0.341	0.992	-3.86	NA
viralverify	0.341	0.992	-3.85	NA
viralverify	0.341	0.992	-3.84	NA
viralverify	0.342	0.992	-3.83	NA
viralverify	0.343	0.992	-3.82	NA
viralverify	0.344	0.992	-3.81	NA
viralverify	0.344	0.992	-3.8	NA
viralverify	0.344	0.992	-3.79	NA
viralverify	0.344	0.992	-3.78	NA
viralverify	0.345	0.992	-3.77	NA
viralverify	0.345	0.992	-3.76	NA
viralverify	0.345	0.992	-3.75	NA
viralverify	0.345	0.992	-3.74	NA
viralverify	0.345	0.992	-3.73	NA
viralverify	0.346	0.992	-3.72	NA
viralverify	0.346	0.992	-3.71	NA
viralverify	0.346	0.992	-3.7	NA
viralverify	0.346	0.992	-3.69	NA
viralverify	0.346	0.992	-3.68	NA
viralverify	0.346	0.99	-3.67	NA
viralverify	0.346	0.99	-3.66	NA
viralverify	0.346	0.99	-3.65	NA
viralverify	0.347	0.989	-3.64	NA
viralverify	0.347	0.989	-3.63	NA
viralverify	0.347	0.989	-3.62	NA
viralverify	0.348	0.989	-3.61	NA
viralverify	0.348	0.988	-3.6	NA
viralverify	0.348	0.988	-3.59	NA
viralverify	0.348	0.988	-3.58	NA
viralverify	0.348	0.988	-3.57	NA
viralverify	0.349	0.988	-3.56	NA
viralverify	0.349	0.988	-3.55	NA
viralverify	0.349	0.988	-3.54	NA
viralverify	0.349	0.988	-3.53	NA
viralverify	0.35	0.988	-3.52	NA
viralverify	0.35	0.988	-3.51	NA
viralverify	0.35	0.988	-3.5	NA
viralverify	0.351	0.988	-3.49	NA
viralverify	0.351	0.988	-3.48	NA
viralverify	0.351	0.988	-3.47	NA
viralverify	0.352	0.988	-3.46	NA
viralverify	0.352	0.988	-3.45	NA
viralverify	0.352	0.988	-3.44	NA
viralverify	0.352	0.988	-3.43	NA
viralverify	0.352	0.988	-3.42	NA
viralverify	0.353	0.988	-3.41	NA
viralverify	0.353	0.988	-3.4	NA
viralverify	0.353	0.988	-3.39	NA
viralverify	0.353	0.988	-3.38	NA
viralverify	0.353	0.988	-3.37	NA
viralverify	0.354	0.988	-3.36	NA
viralverify	0.354	0.988	-3.35	NA
viralverify	0.355	0.988	-3.34	NA
viralverify	0.355	0.988	-3.33	NA
viralverify	0.355	0.988	-3.32	NA
viralverify	0.355	0.988	-3.31	NA
viralverify	0.355	0.987	-3.3	NA
viralverify	0.355	0.987	-3.29	NA
viralverify	0.356	0.987	-3.28	NA
viralverify	0.356	0.987	-3.27	NA
viralverify	0.356	0.987	-3.26	NA
viralverify	0.357	0.987	-3.25	NA
viralverify	0.357	0.987	-3.24	NA
viralverify	0.357	0.987	-3.23	NA
viralverify	0.358	0.987	-3.22	NA
viralverify	0.358	0.987	-3.21	NA
viralverify	0.358	0.987	-3.2	NA
viralverify	0.358	0.987	-3.19	NA
viralverify	0.359	0.987	-3.18	NA
viralverify	0.359	0.987	-3.17	NA
viralverify	0.359	0.987	-3.16	NA
viralverify	0.36	0.987	-3.15	NA
viralverify	0.36	0.987	-3.14	NA
viralverify	0.36	0.987	-3.13	NA
viralverify	0.36	0.987	-3.12	NA
viralverify	0.361	0.987	-3.11	NA
viralverify	0.361	0.987	-3.1	NA
viralverify	0.361	0.987	-3.09	NA
viralverify	0.362	0.987	-3.08	NA
viralverify	0.362	0.987	-3.07	NA
viralverify	0.362	0.987	-3.06	NA
viralverify	0.363	0.987	-3.05	NA
viralverify	0.363	0.987	-3.04	NA
viralverify	0.363	0.987	-3.03	NA
viralverify	0.363	0.987	-3.02	NA
viralverify	0.363	0.987	-3.01	NA
viralverify	0.364	0.987	-3.0	NA
viralverify	0.364	0.987	-2.99	NA
viralverify	0.364	0.987	-2.98	NA
viralverify	0.364	0.987	-2.97	NA
viralverify	0.364	0.987	-2.96	NA
viralverify	0.365	0.987	-2.95	NA
viralverify	0.365	0.987	-2.94	NA
viralverify	0.365	0.987	-2.93	NA
viralverify	0.366	0.987	-2.92	NA
viralverify	0.366	0.987	-2.91	NA
viralverify	0.367	0.987	-2.9	NA
viralverify	0.367	0.987	-2.89	NA
viralverify	0.367	0.987	-2.88	NA
viralverify	0.368	0.987	-2.87	NA
viralverify	0.368	0.987	-2.86	NA
viralverify	0.368	0.987	-2.85	NA
viralverify	0.368	0.986	-2.84	NA
viralverify	0.369	0.986	-2.83	NA
viralverify	0.368	0.98	-2.82	NA
viralverify	0.368	0.98	-2.81	NA
viralverify	0.369	0.98	-2.8	NA
viralverify	0.369	0.98	-2.79	NA
viralverify	0.37	0.98	-2.78	NA
viralverify	0.37	0.98	-2.77	NA
viralverify	0.37	0.98	-2.76	NA
viralverify	0.371	0.98	-2.75	NA
viralverify	0.371	0.98	-2.74	NA
viralverify	0.371	0.98	-2.73	NA
viralverify	0.372	0.98	-2.72	NA
viralverify	0.372	0.98	-2.71	NA
viralverify	0.373	0.98	-2.7	NA
viralverify	0.373	0.98	-2.69	NA
viralverify	0.373	0.98	-2.68	NA
viralverify	0.373	0.98	-2.67	NA
viralverify	0.373	0.98	-2.66	NA
viralverify	0.374	0.98	-2.65	NA
viralverify	0.374	0.98	-2.64	NA
viralverify	0.375	0.98	-2.63	NA
viralverify	0.375	0.98	-2.62	NA
viralverify	0.375	0.98	-2.61	NA
viralverify	0.376	0.98	-2.6	NA
viralverify	0.376	0.98	-2.59	NA
viralverify	0.376	0.98	-2.58	NA
viralverify	0.376	0.98	-2.57	NA
viralverify	0.377	0.98	-2.56	NA
viralverify	0.377	0.98	-2.55	NA
viralverify	0.378	0.98	-2.54	NA
viralverify	0.378	0.98	-2.53	NA
viralverify	0.378	0.98	-2.52	NA
viralverify	0.379	0.98	-2.51	NA
viralverify	0.379	0.98	-2.5	NA
viralverify	0.379	0.979	-2.49	NA
viralverify	0.379	0.979	-2.48	NA
viralverify	0.379	0.979	-2.47	NA
viralverify	0.38	0.979	-2.46	NA
viralverify	0.38	0.979	-2.45	NA
viralverify	0.381	0.979	-2.44	NA
viralverify	0.381	0.979	-2.43	NA
viralverify	0.381	0.979	-2.42	NA
viralverify	0.382	0.979	-2.41	NA
viralverify	0.382	0.979	-2.4	NA
viralverify	0.382	0.979	-2.39	NA
viralverify	0.383	0.979	-2.38	NA
viralverify	0.383	0.979	-2.37	NA
viralverify	0.384	0.979	-2.36	NA
viralverify	0.384	0.979	-2.35	NA
viralverify	0.385	0.979	-2.34	NA
viralverify	0.385	0.979	-2.33	NA
viralverify	0.386	0.979	-2.32	NA
viralverify	0.386	0.979	-2.31	NA
viralverify	0.387	0.979	-2.3	NA
viralverify	0.387	0.979	-2.29	NA
viralverify	0.388	0.979	-2.28	NA
viralverify	0.388	0.979	-2.27	NA
viralverify	0.388	0.979	-2.26	NA
viralverify	0.388	0.979	-2.25	NA
viralverify	0.389	0.979	-2.24	NA
viralverify	0.389	0.979	-2.23	NA
viralverify	0.39	0.979	-2.22	NA
viralverify	0.39	0.978	-2.21	NA
viralverify	0.391	0.978	-2.2	NA
viralverify	0.391	0.978	-2.19	NA
viralverify	0.392	0.978	-2.18	NA
viralverify	0.392	0.978	-2.17	NA
viralverify	0.393	0.978	-2.16	NA
viralverify	0.393	0.978	-2.15	NA
viralverify	0.394	0.978	-2.14	NA
viralverify	0.394	0.978	-2.13	NA
viralverify	0.394	0.978	-2.12	NA
viralverify	0.395	0.978	-2.11	NA
viralverify	0.395	0.978	-2.1	NA
viralverify	0.395	0.978	-2.09	NA
viralverify	0.396	0.978	-2.08	NA
viralverify	0.396	0.978	-2.07	NA
viralverify	0.396	0.978	-2.06	NA
viralverify	0.397	0.978	-2.05	NA
viralverify	0.398	0.978	-2.04	NA
viralverify	0.398	0.978	-2.03	NA
viralverify	0.398	0.978	-2.02	NA
viralverify	0.399	0.978	-2.01	NA
viralverify	0.399	0.978	-2.0	NA
viralverify	0.399	0.978	-1.99	NA
viralverify	0.4	0.978	-1.98	NA
viralverify	0.4	0.978	-1.97	NA
viralverify	0.401	0.978	-1.96	NA
viralverify	0.401	0.978	-1.95	NA
viralverify	0.401	0.978	-1.94	NA
viralverify	0.401	0.978	-1.93	NA
viralverify	0.402	0.978	-1.92	NA
viralverify	0.402	0.978	-1.91	NA
viralverify	0.402	0.978	-1.9	NA
viralverify	0.403	0.978	-1.89	NA
viralverify	0.404	0.977	-1.88	NA
viralverify	0.404	0.977	-1.87	NA
viralverify	0.405	0.977	-1.86	NA
viralverify	0.405	0.977	-1.85	NA
viralverify	0.406	0.977	-1.84	NA
viralverify	0.406	0.977	-1.83	NA
viralverify	0.407	0.977	-1.82	NA
viralverify	0.407	0.977	-1.81	NA
viralverify	0.408	0.977	-1.8	NA
viralverify	0.409	0.977	-1.79	NA
viralverify	0.409	0.977	-1.78	NA
viralverify	0.41	0.977	-1.77	NA
viralverify	0.41	0.977	-1.76	NA
viralverify	0.41	0.977	-1.75	NA
viralverify	0.411	0.977	-1.74	NA
viralverify	0.412	0.977	-1.73	NA
viralverify	0.412	0.977	-1.72	NA
viralverify	0.413	0.976	-1.71	NA
viralverify	0.414	0.976	-1.7	NA
viralverify	0.414	0.976	-1.69	NA
viralverify	0.414	0.976	-1.68	NA
viralverify	0.415	0.976	-1.67	NA
viralverify	0.415	0.975	-1.66	NA
viralverify	0.416	0.975	-1.65	NA
viralverify	0.416	0.975	-1.64	NA
viralverify	0.416	0.975	-1.63	NA
viralverify	0.417	0.975	-1.62	NA
viralverify	0.418	0.974	-1.61	NA
viralverify	0.419	0.974	-1.6	NA
viralverify	0.419	0.974	-1.59	NA
viralverify	0.42	0.974	-1.58	NA
viralverify	0.42	0.974	-1.57	NA
viralverify	0.421	0.974	-1.56	NA
viralverify	0.422	0.974	-1.55	NA
viralverify	0.423	0.974	-1.54	NA
viralverify	0.423	0.974	-1.53	NA
viralverify	0.424	0.974	-1.52	NA
viralverify	0.424	0.974	-1.51	NA
viralverify	0.425	0.974	-1.5	NA
viralverify	0.425	0.974	-1.49	NA
viralverify	0.426	0.973	-1.48	NA
viralverify	0.426	0.973	-1.47	NA
viralverify	0.427	0.972	-1.46	NA
viralverify	0.428	0.972	-1.45	NA
viralverify	0.429	0.972	-1.44	NA
viralverify	0.429	0.972	-1.43	NA
viralverify	0.43	0.972	-1.42	NA
viralverify	0.43	0.972	-1.41	NA
viralverify	0.431	0.972	-1.4	NA
viralverify	0.432	0.972	-1.39	NA
viralverify	0.432	0.972	-1.38	NA
viralverify	0.433	0.972	-1.37	NA
viralverify	0.434	0.972	-1.36	NA
viralverify	0.434	0.97	-1.35	NA
viralverify	0.434	0.969	-1.34	NA
viralverify	0.436	0.969	-1.33	NA
viralverify	0.437	0.969	-1.32	NA
viralverify	0.437	0.969	-1.31	NA
viralverify	0.438	0.969	-1.3	NA
viralverify	0.438	0.969	-1.29	NA
viralverify	0.439	0.969	-1.28	NA
viralverify	0.44	0.969	-1.27	NA
viralverify	0.441	0.969	-1.26	NA
viralverify	0.441	0.969	-1.25	NA
viralverify	0.442	0.969	-1.24	NA
viralverify	0.443	0.969	-1.23	NA
viralverify	0.443	0.969	-1.22	NA
viralverify	0.445	0.969	-1.21	NA
viralverify	0.446	0.969	-1.2	NA
viralverify	0.446	0.969	-1.19	NA
viralverify	0.447	0.969	-1.18	NA
viralverify	0.448	0.969	-1.17	NA
viralverify	0.448	0.969	-1.16	NA
viralverify	0.449	0.969	-1.15	NA
viralverify	0.449	0.969	-1.14	NA
viralverify	0.45	0.969	-1.13	NA
viralverify	0.45	0.968	-1.12	NA
viralverify	0.451	0.968	-1.11	NA
viralverify	0.452	0.968	-1.1	NA
viralverify	0.453	0.968	-1.09	NA
viralverify	0.453	0.968	-1.08	NA
viralverify	0.454	0.968	-1.07	NA
viralverify	0.455	0.968	-1.06	NA
viralverify	0.456	0.968	-1.05	NA
viralverify	0.457	0.968	-1.04	NA
viralverify	0.457	0.968	-1.03	NA
viralverify	0.458	0.968	-1.02	NA
viralverify	0.458	0.968	-1.01	NA
viralverify	0.459	0.968	-1.0	NA
viralverify	0.459	0.968	-0.99	NA
viralverify	0.46	0.967	-0.98	NA
viralverify	0.46	0.967	-0.97	NA
viralverify	0.46	0.966	-0.96	NA
viralverify	0.461	0.966	-0.95	NA
viralverify	0.462	0.966	-0.94	NA
viralverify	0.462	0.966	-0.93	NA
viralverify	0.462	0.966	-0.92	NA
viralverify	0.463	0.966	-0.91	NA
viralverify	0.464	0.966	-0.9	NA
viralverify	0.464	0.966	-0.89	NA
viralverify	0.465	0.966	-0.88	NA
viralverify	0.466	0.966	-0.87	NA
viralverify	0.467	0.966	-0.86	NA
viralverify	0.467	0.966	-0.85	NA
viralverify	0.468	0.966	-0.84	NA
viralverify	0.469	0.966	-0.83	NA
viralverify	0.469	0.965	-0.82	NA
viralverify	0.47	0.965	-0.81	NA
viralverify	0.471	0.965	-0.8	NA
viralverify	0.471	0.965	-0.79	NA
viralverify	0.472	0.965	-0.78	NA
viralverify	0.472	0.965	-0.77	NA
viralverify	0.474	0.965	-0.76	NA
viralverify	0.474	0.965	-0.75	NA
viralverify	0.475	0.965	-0.74	NA
viralverify	0.476	0.965	-0.73	NA
viralverify	0.476	0.965	-0.72	NA
viralverify	0.477	0.964	-0.71	NA
viralverify	0.477	0.964	-0.7	NA
viralverify	0.477	0.964	-0.69	NA
viralverify	0.478	0.964	-0.68	NA
viralverify	0.478	0.963	-0.67	NA
viralverify	0.478	0.963	-0.66	NA
viralverify	0.479	0.963	-0.65	NA
viralverify	0.479	0.963	-0.64	NA
viralverify	0.48	0.963	-0.63	NA
viralverify	0.481	0.963	-0.62	NA
viralverify	0.482	0.963	-0.61	NA
viralverify	0.482	0.962	-0.6	NA
viralverify	0.488	0.961	-0.59	NA
viralverify	0.49	0.961	-0.58	NA
viralverify	0.49	0.961	-0.57	NA
viralverify	0.49	0.961	-0.56	NA
viralverify	0.491	0.961	-0.55	NA
viralverify	0.492	0.961	-0.54	NA
viralverify	0.492	0.961	-0.53	NA
viralverify	0.493	0.961	-0.52	NA
viralverify	0.493	0.961	-0.51	NA
viralverify	0.494	0.961	-0.5	NA
viralverify	0.495	0.961	-0.49	NA
viralverify	0.496	0.961	-0.48	NA
viralverify	0.497	0.961	-0.47	NA
viralverify	0.498	0.961	-0.46	NA
viralverify	0.499	0.961	-0.45	NA
viralverify	0.5	0.961	-0.44	NA
viralverify	0.5	0.96	-0.43	NA
viralverify	0.501	0.96	-0.42	NA
viralverify	0.501	0.96	-0.41	NA
viralverify	0.502	0.96	-0.4	NA
viralverify	0.503	0.96	-0.39	NA
viralverify	0.503	0.96	-0.38	NA
viralverify	0.504	0.96	-0.37	NA
viralverify	0.505	0.96	-0.36	NA
viralverify	0.505	0.96	-0.35	NA
viralverify	0.506	0.96	-0.34	NA
viralverify	0.507	0.96	-0.33	NA
viralverify	0.509	0.96	-0.32	NA
viralverify	0.51	0.96	-0.31	NA
viralverify	0.511	0.96	-0.3	NA
viralverify	0.512	0.96	-0.29	NA
viralverify	0.513	0.96	-0.28	NA
viralverify	0.513	0.959	-0.27	NA
viralverify	0.514	0.959	-0.26	NA
viralverify	0.515	0.959	-0.25	NA
viralverify	0.515	0.959	-0.24	NA
viralverify	0.516	0.959	-0.23	NA
viralverify	0.518	0.959	-0.22	NA
viralverify	0.518	0.959	-0.21	NA
viralverify	0.518	0.958	-0.2	NA
viralverify	0.518	0.958	-0.19	NA
viralverify	0.519	0.958	-0.18	NA
viralverify	0.52	0.958	-0.17	NA
viralverify	0.52	0.957	-0.16	NA
viralverify	0.521	0.957	-0.15	NA
viralverify	0.522	0.957	-0.14	NA
viralverify	0.523	0.957	-0.13	NA
viralverify	0.523	0.957	-0.12	NA
viralverify	0.525	0.957	-0.11	NA
viralverify	0.527	0.957	-0.1	NA
viralverify	0.529	0.957	-0.09	NA
viralverify	0.529	0.957	-0.08	NA
viralverify	0.531	0.957	-0.07	NA
viralverify	0.531	0.956	-0.06	NA
viralverify	0.532	0.956	-0.05	NA
viralverify	0.533	0.956	-0.04	NA
viralverify	0.535	0.956	-0.03	NA
viralverify	0.536	0.956	-0.02	NA
viralverify	0.536	0.956	-0.01	NA
viralverify	0.537	0.956	0.0	NA
viralverify	0.458	0.435	0.01	NA
viralverify	0.459	0.435	0.02	NA
viralverify	0.46	0.435	0.03	NA
viralverify	0.461	0.435	0.04	NA
viralverify	0.462	0.435	0.05	NA
viralverify	0.464	0.435	0.06	NA
viralverify	0.465	0.435	0.07	NA
viralverify	0.466	0.435	0.08	NA
viralverify	0.467	0.435	0.09	NA
viralverify	0.469	0.435	0.11	NA
viralverify	0.47	0.435	0.12	NA
viralverify	0.471	0.435	0.13	NA
viralverify	0.474	0.435	0.14	NA
viralverify	0.474	0.435	0.15	NA
viralverify	0.475	0.435	0.16	NA
viralverify	0.476	0.435	0.17	NA
viralverify	0.478	0.435	0.18	NA
viralverify	0.478	0.435	0.19	NA
viralverify	0.479	0.435	0.2	NA
viralverify	0.479	0.435	0.21	NA
viralverify	0.48	0.433	0.22	NA
viralverify	0.482	0.433	0.23	NA
viralverify	0.483	0.433	0.24	NA
viralverify	0.483	0.432	0.25	NA
viralverify	0.484	0.432	0.26	NA
viralverify	0.485	0.432	0.27	NA
viralverify	0.485	0.432	0.28	NA
viralverify	0.486	0.432	0.29	NA
viralverify	0.487	0.432	0.3	NA
viralverify	0.488	0.432	0.31	NA
viralverify	0.488	0.431	0.32	NA
viralverify	0.489	0.431	0.33	NA
viralverify	0.49	0.431	0.34	NA
viralverify	0.491	0.431	0.35	NA
viralverify	0.492	0.431	0.36	NA
viralverify	0.494	0.431	0.37	NA
viralverify	0.495	0.43	0.38	NA
viralverify	0.496	0.43	0.39	NA
viralverify	0.497	0.43	0.4	NA
viralverify	0.497	0.43	0.41	NA
viralverify	0.497	0.43	0.42	NA
viralverify	0.498	0.429	0.43	NA
viralverify	0.498	0.429	0.44	NA
viralverify	0.499	0.429	0.45	NA
viralverify	0.5	0.429	0.46	NA
viralverify	0.5	0.428	0.47	NA
viralverify	0.5	0.428	0.48	NA
viralverify	0.502	0.428	0.49	NA
viralverify	0.503	0.428	0.5	NA
viralverify	0.503	0.428	0.51	NA
viralverify	0.504	0.428	0.52	NA
viralverify	0.505	0.428	0.53	NA
viralverify	0.506	0.427	0.54	NA
viralverify	0.506	0.427	0.55	NA
viralverify	0.507	0.427	0.56	NA
viralverify	0.507	0.427	0.57	NA
viralverify	0.508	0.427	0.58	NA
viralverify	0.508	0.427	0.59	NA
viralverify	0.509	0.427	0.6	NA
viralverify	0.51	0.427	0.61	NA
viralverify	0.511	0.427	0.62	NA
viralverify	0.511	0.427	0.63	NA
viralverify	0.51	0.425	0.64	NA
viralverify	0.505	0.413	0.65	NA
viralverify	0.504	0.412	0.66	NA
viralverify	0.504	0.411	0.67	NA
viralverify	0.505	0.411	0.68	NA
viralverify	0.505	0.411	0.69	NA
viralverify	0.505	0.41	0.7	NA
viralverify	0.505	0.41	0.71	NA
viralverify	0.505	0.409	0.72	NA
viralverify	0.506	0.409	0.73	NA
viralverify	0.506	0.409	0.74	NA
viralverify	0.507	0.409	0.75	NA
viralverify	0.507	0.409	0.76	NA
viralverify	0.508	0.409	0.77	NA
viralverify	0.509	0.409	0.78	NA
viralverify	0.509	0.407	0.79	NA
viralverify	0.512	0.407	0.8	NA
viralverify	0.513	0.407	0.81	NA
viralverify	0.514	0.407	0.82	NA
viralverify	0.514	0.407	0.83	NA
viralverify	0.515	0.407	0.84	NA
viralverify	0.515	0.405	0.85	NA
viralverify	0.516	0.405	0.87	NA
viralverify	0.517	0.404	0.88	NA
viralverify	0.518	0.404	0.89	NA
viralverify	0.518	0.404	0.9	NA
viralverify	0.518	0.403	0.91	NA
viralverify	0.519	0.403	0.92	NA
viralverify	0.52	0.401	0.94	NA
viralverify	0.521	0.401	0.95	NA
viralverify	0.522	0.401	0.96	NA
viralverify	0.523	0.401	0.97	NA
viralverify	0.526	0.4	0.98	NA
viralverify	0.528	0.4	0.99	NA
viralverify	0.528	0.399	1.0	NA
viralverify	0.53	0.399	1.01	NA
viralverify	0.531	0.399	1.02	NA
viralverify	0.531	0.399	1.03	NA
viralverify	0.532	0.399	1.04	NA
viralverify	0.532	0.398	1.05	NA
viralverify	0.532	0.398	1.06	NA
viralverify	0.533	0.398	1.07	NA
viralverify	0.534	0.398	1.08	NA
viralverify	0.534	0.398	1.1	NA
viralverify	0.535	0.397	1.11	NA
viralverify	0.536	0.397	1.13	NA
viralverify	0.535	0.396	1.14	NA
viralverify	0.536	0.396	1.15	NA
viralverify	0.537	0.396	1.16	NA
viralverify	0.537	0.396	1.17	NA
viralverify	0.537	0.396	1.18	NA
viralverify	0.534	0.387	1.19	NA
viralverify	0.534	0.387	1.2	NA
viralverify	0.534	0.387	1.21	NA
viralverify	0.534	0.386	1.22	NA
viralverify	0.535	0.385	1.23	NA
viralverify	0.536	0.385	1.24	NA
viralverify	0.537	0.385	1.25	NA
viralverify	0.538	0.385	1.26	NA
viralverify	0.54	0.385	1.27	NA
viralverify	0.54	0.385	1.28	NA
viralverify	0.541	0.385	1.29	NA
viralverify	0.541	0.385	1.3	NA
viralverify	0.542	0.385	1.31	NA
viralverify	0.542	0.385	1.32	NA
viralverify	0.543	0.384	1.33	NA
viralverify	0.54	0.379	1.35	NA
viralverify	0.54	0.379	1.36	NA
viralverify	0.54	0.378	1.4	NA
viralverify	0.54	0.378	1.41	NA
viralverify	0.541	0.378	1.42	NA
viralverify	0.543	0.378	1.43	NA
viralverify	0.542	0.377	1.44	NA
viralverify	0.543	0.377	1.45	NA
viralverify	0.543	0.377	1.46	NA
viralverify	0.544	0.377	1.48	NA
viralverify	0.542	0.374	1.49	NA
viralverify	0.543	0.374	1.5	NA
viralverify	0.544	0.374	1.51	NA
viralverify	0.544	0.373	1.52	NA
viralverify	0.545	0.373	1.53	NA
viralverify	0.545	0.373	1.54	NA
viralverify	0.545	0.371	1.55	NA
viralverify	0.545	0.37	1.56	NA
viralverify	0.545	0.369	1.57	NA
viralverify	0.547	0.369	1.58	NA
viralverify	0.547	0.369	1.59	NA
viralverify	0.548	0.369	1.6	NA
viralverify	0.549	0.368	1.61	NA
viralverify	0.55	0.368	1.62	NA
viralverify	0.55	0.368	1.63	NA
viralverify	0.551	0.368	1.64	NA
viralverify	0.553	0.368	1.65	NA
viralverify	0.553	0.368	1.67	NA
viralverify	0.554	0.368	1.69	NA
viralverify	0.555	0.368	1.7	NA
viralverify	0.555	0.367	1.71	NA
viralverify	0.556	0.367	1.73	NA
viralverify	0.557	0.367	1.74	NA
viralverify	0.557	0.367	1.75	NA
viralverify	0.558	0.367	1.76	NA
viralverify	0.558	0.367	1.77	NA
viralverify	0.558	0.366	1.78	NA
viralverify	0.559	0.366	1.79	NA
viralverify	0.56	0.366	1.8	NA
viralverify	0.561	0.366	1.81	NA
viralverify	0.561	0.366	1.82	NA
viralverify	0.561	0.366	1.83	NA
viralverify	0.561	0.365	1.84	NA
viralverify	0.561	0.365	1.85	NA
viralverify	0.561	0.365	1.86	NA
viralverify	0.562	0.363	1.88	NA
viralverify	0.562	0.363	1.89	NA
viralverify	0.562	0.363	1.9	NA
viralverify	0.563	0.361	1.91	NA
viralverify	0.564	0.361	1.92	NA
viralverify	0.564	0.361	1.93	NA
viralverify	0.564	0.36	1.95	NA
viralverify	0.565	0.36	1.96	NA
viralverify	0.565	0.359	1.99	NA
viralverify	0.566	0.358	2.0	NA
viralverify	0.566	0.358	2.01	NA
viralverify	0.566	0.357	2.02	NA
viralverify	0.565	0.356	2.03	NA
viralverify	0.566	0.356	2.04	NA
viralverify	0.566	0.356	2.05	NA
viralverify	0.568	0.356	2.06	NA
viralverify	0.568	0.356	2.09	NA
viralverify	0.569	0.356	2.1	NA
viralverify	0.569	0.356	2.11	NA
viralverify	0.571	0.356	2.12	NA
viralverify	0.572	0.356	2.14	NA
viralverify	0.573	0.356	2.15	NA
viralverify	0.575	0.356	2.16	NA
viralverify	0.575	0.355	2.17	NA
viralverify	0.576	0.355	2.18	NA
viralverify	0.576	0.355	2.19	NA
viralverify	0.577	0.355	2.2	NA
viralverify	0.576	0.354	2.23	NA
viralverify	0.577	0.354	2.24	NA
viralverify	0.578	0.354	2.25	NA
viralverify	0.577	0.352	2.26	NA
viralverify	0.578	0.352	2.27	NA
viralverify	0.579	0.352	2.28	NA
viralverify	0.58	0.352	2.3	NA
viralverify	0.581	0.352	2.32	NA
viralverify	0.581	0.352	2.33	NA
viralverify	0.578	0.346	2.34	NA
viralverify	0.581	0.346	2.35	NA
viralverify	0.581	0.346	2.36	NA
viralverify	0.581	0.345	2.37	NA
viralverify	0.582	0.345	2.38	NA
viralverify	0.583	0.345	2.39	NA
viralverify	0.585	0.345	2.41	NA
viralverify	0.585	0.345	2.45	NA
viralverify	0.589	0.345	2.46	NA
viralverify	0.592	0.345	2.49	NA
viralverify	0.593	0.345	2.5	NA
viralverify	0.597	0.344	2.51	NA
viralverify	0.592	0.338	2.52	NA
viralverify	0.591	0.337	2.53	NA
viralverify	0.594	0.336	2.54	NA
viralverify	0.595	0.336	2.55	NA
viralverify	0.595	0.336	2.58	NA
viralverify	0.595	0.336	2.59	NA
viralverify	0.596	0.336	2.61	NA
viralverify	0.596	0.335	2.62	NA
viralverify	0.595	0.332	2.64	NA
viralverify	0.595	0.332	2.66	NA
viralverify	0.596	0.332	2.67	NA
viralverify	0.599	0.332	2.68	NA
viralverify	0.6	0.332	2.71	NA
viralverify	0.6	0.331	2.73	NA
viralverify	0.602	0.33	2.74	NA
viralverify	0.601	0.329	2.75	NA
viralverify	0.602	0.329	2.76	NA
viralverify	0.602	0.328	2.77	NA
viralverify	0.602	0.328	2.78	NA
viralverify	0.602	0.327	2.8	NA
viralverify	0.603	0.327	2.81	NA
viralverify	0.604	0.327	2.82	NA
viralverify	0.604	0.323	2.83	NA
viralverify	0.603	0.323	2.85	NA
viralverify	0.603	0.322	2.87	NA
viralverify	0.603	0.322	2.89	NA
viralverify	0.6	0.317	2.9	NA
viralverify	0.601	0.317	2.91	NA
viralverify	0.602	0.317	2.92	NA
viralverify	0.602	0.317	2.93	NA
viralverify	0.603	0.316	2.94	NA
viralverify	0.603	0.315	2.96	NA
viralverify	0.603	0.314	2.97	NA
viralverify	0.602	0.314	2.98	NA
viralverify	0.603	0.314	3.01	NA
viralverify	0.599	0.306	3.02	NA
viralverify	0.599	0.306	3.03	NA
viralverify	0.599	0.305	3.06	NA
viralverify	0.6	0.304	3.09	NA
viralverify	0.6	0.304	3.11	NA
viralverify	0.6	0.304	3.12	NA
viralverify	0.6	0.303	3.13	NA
viralverify	0.6	0.303	3.14	NA
viralverify	0.602	0.303	3.15	NA
viralverify	0.602	0.302	3.18	NA
viralverify	0.603	0.302	3.2	NA
viralverify	0.604	0.302	3.21	NA
viralverify	0.604	0.301	3.23	NA
viralverify	0.604	0.301	3.26	NA
viralverify	0.603	0.298	3.27	NA
viralverify	0.602	0.297	3.28	NA
viralverify	0.602	0.297	3.31	NA
viralverify	0.602	0.296	3.32	NA
viralverify	0.604	0.296	3.33	NA
viralverify	0.604	0.296	3.34	NA
viralverify	0.605	0.296	3.35	NA
viralverify	0.607	0.296	3.36	NA
viralverify	0.607	0.296	3.37	NA
viralverify	0.607	0.294	3.38	NA
viralverify	0.607	0.294	3.39	NA
viralverify	0.608	0.294	3.4	NA
viralverify	0.609	0.294	3.41	NA
viralverify	0.61	0.294	3.42	NA
viralverify	0.607	0.291	3.43	NA
viralverify	0.608	0.291	3.44	NA
viralverify	0.608	0.289	3.46	NA
viralverify	0.606	0.287	3.47	NA
viralverify	0.608	0.287	3.48	NA
viralverify	0.607	0.287	3.49	NA
viralverify	0.607	0.285	3.5	NA
viralverify	0.607	0.285	3.52	NA
viralverify	0.607	0.285	3.53	NA
viralverify	0.608	0.285	3.55	NA
viralverify	0.605	0.281	3.56	NA
viralverify	0.605	0.281	3.58	NA
viralverify	0.607	0.281	3.59	NA
viralverify	0.607	0.28	3.6	NA
viralverify	0.608	0.28	3.61	NA
viralverify	0.609	0.28	3.62	NA
viralverify	0.61	0.28	3.63	NA
viralverify	0.612	0.28	3.64	NA
viralverify	0.613	0.279	3.65	NA
viralverify	0.613	0.279	3.66	NA
viralverify	0.613	0.279	3.67	NA
viralverify	0.612	0.277	3.68	NA
viralverify	0.612	0.277	3.69	NA
viralverify	0.613	0.277	3.7	NA
viralverify	0.614	0.277	3.71	NA
viralverify	0.613	0.277	3.73	NA
viralverify	0.612	0.27	3.74	NA
viralverify	0.612	0.27	3.75	NA
viralverify	0.612	0.27	3.76	NA
viralverify	0.613	0.27	3.78	NA
viralverify	0.613	0.27	3.8	NA
viralverify	0.614	0.27	3.81	NA
viralverify	0.614	0.269	3.82	NA
viralverify	0.614	0.269	3.83	NA
viralverify	0.614	0.268	3.84	NA
viralverify	0.62	0.268	3.85	NA
viralverify	0.62	0.268	3.86	NA
viralverify	0.62	0.267	3.87	NA
viralverify	0.621	0.267	3.88	NA
viralverify	0.622	0.267	3.89	NA
viralverify	0.622	0.266	3.92	NA
viralverify	0.626	0.266	3.94	NA
viralverify	0.625	0.265	3.95	NA
viralverify	0.626	0.265	3.96	NA
viralverify	0.623	0.258	3.99	NA
viralverify	0.623	0.258	4.0	NA
viralverify	0.624	0.258	4.01	NA
viralverify	0.623	0.257	4.03	NA
viralverify	0.624	0.257	4.05	NA
viralverify	0.622	0.255	4.06	NA
viralverify	0.624	0.254	4.07	NA
viralverify	0.625	0.254	4.08	NA
viralverify	0.626	0.254	4.09	NA
viralverify	0.626	0.254	4.1	NA
viralverify	0.626	0.253	4.11	NA
viralverify	0.625	0.253	4.12	NA
viralverify	0.626	0.253	4.16	NA
viralverify	0.627	0.252	4.18	NA
viralverify	0.628	0.252	4.19	NA
viralverify	0.626	0.251	4.2	NA
viralverify	0.625	0.25	4.23	NA
viralverify	0.625	0.249	4.24	NA
viralverify	0.626	0.247	4.26	NA
viralverify	0.626	0.247	4.28	NA
viralverify	0.629	0.247	4.3	NA
viralverify	0.632	0.247	4.32	NA
viralverify	0.632	0.247	4.33	NA
viralverify	0.625	0.239	4.34	NA
viralverify	0.626	0.238	4.36	NA
viralverify	0.625	0.237	4.37	NA
viralverify	0.624	0.232	4.38	NA
viralverify	0.625	0.232	4.4	NA
viralverify	0.625	0.232	4.41	NA
viralverify	0.625	0.231	4.42	NA
viralverify	0.626	0.231	4.43	NA
viralverify	0.627	0.231	4.44	NA
viralverify	0.627	0.231	4.48	NA
viralverify	0.627	0.23	4.49	NA
viralverify	0.628	0.23	4.51	NA
viralverify	0.626	0.229	4.54	NA
viralverify	0.626	0.228	4.56	NA
viralverify	0.624	0.226	4.58	NA
viralverify	0.623	0.226	4.59	NA
viralverify	0.622	0.225	4.61	NA
viralverify	0.623	0.225	4.62	NA
viralverify	0.623	0.224	4.63	NA
viralverify	0.622	0.222	4.67	NA
viralverify	0.621	0.222	4.68	NA
viralverify	0.621	0.222	4.69	NA
viralverify	0.622	0.222	4.7	NA
viralverify	0.623	0.221	4.71	NA
viralverify	0.623	0.22	4.72	NA
viralverify	0.623	0.22	4.73	NA
viralverify	0.624	0.22	4.74	NA
viralverify	0.624	0.22	4.75	NA
viralverify	0.623	0.219	4.76	NA
viralverify	0.624	0.219	4.77	NA
viralverify	0.622	0.218	4.78	NA
viralverify	0.623	0.218	4.79	NA
viralverify	0.623	0.217	4.8	NA
viralverify	0.623	0.217	4.81	NA
viralverify	0.624	0.217	4.83	NA
viralverify	0.625	0.217	4.84	NA
viralverify	0.624	0.217	4.85	NA
viralverify	0.625	0.217	4.91	NA
viralverify	0.625	0.216	4.92	NA
viralverify	0.627	0.216	4.95	NA
viralverify	0.626	0.216	4.96	NA
viralverify	0.627	0.216	4.99	NA
viralverify	0.628	0.216	5.0	NA
viralverify	0.627	0.216	5.01	NA
viralverify	0.628	0.216	5.02	NA
viralverify	0.621	0.208	5.03	NA
viralverify	0.622	0.208	5.04	NA
viralverify	0.622	0.208	5.1	NA
viralverify	0.622	0.208	5.12	NA
viralverify	0.623	0.208	5.14	NA
viralverify	0.622	0.208	5.15	NA
viralverify	0.623	0.208	5.17	NA
viralverify	0.624	0.208	5.22	NA
viralverify	0.622	0.206	5.24	NA
viralverify	0.621	0.205	5.27	NA
viralverify	0.621	0.205	5.29	NA
viralverify	0.623	0.205	5.3	NA
viralverify	0.622	0.205	5.32	NA
viralverify	0.623	0.205	5.33	NA
viralverify	0.622	0.204	5.34	NA
viralverify	0.624	0.204	5.35	NA
viralverify	0.626	0.203	5.36	NA
viralverify	0.627	0.203	5.37	NA
viralverify	0.628	0.203	5.38	NA
viralverify	0.629	0.203	5.4	NA
viralverify	0.63	0.203	5.41	NA
viralverify	0.63	0.203	5.42	NA
viralverify	0.631	0.203	5.44	NA
viralverify	0.633	0.203	5.45	NA
viralverify	0.633	0.202	5.47	NA
viralverify	0.633	0.202	5.49	NA
viralverify	0.634	0.202	5.5	NA
viralverify	0.636	0.202	5.52	NA
viralverify	0.638	0.202	5.53	NA
viralverify	0.637	0.201	5.54	NA
viralverify	0.638	0.201	5.55	NA
viralverify	0.638	0.2	5.56	NA
viralverify	0.638	0.2	5.58	NA
viralverify	0.639	0.2	5.61	NA
viralverify	0.639	0.199	5.62	NA
viralverify	0.641	0.199	5.64	NA
viralverify	0.642	0.199	5.66	NA
viralverify	0.641	0.199	5.67	NA
viralverify	0.639	0.197	5.68	NA
viralverify	0.64	0.197	5.7	NA
viralverify	0.641	0.197	5.71	NA
viralverify	0.642	0.197	5.75	NA
viralverify	0.641	0.197	5.77	NA
viralverify	0.642	0.197	5.78	NA
viralverify	0.642	0.196	5.79	NA
viralverify	0.643	0.196	5.8	NA
viralverify	0.644	0.196	5.81	NA
viralverify	0.644	0.196	5.82	NA
viralverify	0.645	0.196	5.83	NA
viralverify	0.643	0.194	5.84	NA
viralverify	0.643	0.194	5.85	NA
viralverify	0.644	0.194	5.86	NA
viralverify	0.646	0.193	5.87	NA
viralverify	0.647	0.193	5.89	NA
viralverify	0.649	0.193	5.9	NA
viralverify	0.648	0.192	5.91	NA
viralverify	0.647	0.192	5.92	NA
viralverify	0.648	0.192	5.93	NA
viralverify	0.648	0.191	5.94	NA
viralverify	0.648	0.191	5.95	NA
viralverify	0.649	0.191	5.96	NA
viralverify	0.65	0.191	5.97	NA
viralverify	0.651	0.191	5.98	NA
viralverify	0.65	0.191	5.99	NA
viralverify	0.649	0.19	6.02	NA
viralverify	0.649	0.189	6.08	NA
viralverify	0.65	0.189	6.1	NA
viralverify	0.651	0.189	6.11	NA
viralverify	0.652	0.189	6.18	NA
viralverify	0.652	0.189	6.19	NA
viralverify	0.652	0.188	6.2	NA
viralverify	0.652	0.188	6.21	NA
viralverify	0.653	0.188	6.22	NA
viralverify	0.654	0.188	6.23	NA
viralverify	0.655	0.188	6.24	NA
viralverify	0.656	0.188	6.28	NA
viralverify	0.655	0.187	6.29	NA
viralverify	0.654	0.187	6.3	NA
viralverify	0.654	0.186	6.39	NA
viralverify	0.654	0.185	6.41	NA
viralverify	0.655	0.185	6.44	NA
viralverify	0.654	0.184	6.48	NA
viralverify	0.654	0.183	6.51	NA
viralverify	0.655	0.183	6.53	NA
viralverify	0.655	0.183	6.55	NA
viralverify	0.653	0.182	6.56	NA
viralverify	0.653	0.181	6.58	NA
viralverify	0.653	0.18	6.61	NA
viralverify	0.654	0.18	6.62	NA
viralverify	0.653	0.18	6.63	NA
viralverify	0.654	0.18	6.64	NA
viralverify	0.655	0.18	6.65	NA
viralverify	0.654	0.178	6.67	NA
viralverify	0.653	0.178	6.68	NA
viralverify	0.652	0.177	6.73	NA
viralverify	0.654	0.177	6.75	NA
viralverify	0.655	0.177	6.79	NA
viralverify	0.654	0.176	6.8	NA
viralverify	0.654	0.176	6.81	NA
viralverify	0.654	0.176	6.82	NA
viralverify	0.655	0.175	6.85	NA
viralverify	0.654	0.175	6.86	NA
viralverify	0.653	0.174	6.88	NA
viralverify	0.654	0.174	6.89	NA
viralverify	0.653	0.173	6.92	NA
viralverify	0.653	0.173	6.93	NA
viralverify	0.654	0.173	6.94	NA
viralverify	0.655	0.173	6.95	NA
viralverify	0.655	0.172	6.97	NA
viralverify	0.655	0.172	6.99	NA
viralverify	0.655	0.172	7.0	NA
viralverify	0.655	0.171	7.03	NA
viralverify	0.656	0.171	7.04	NA
viralverify	0.657	0.171	7.06	NA
viralverify	0.656	0.169	7.1	NA
viralverify	0.657	0.169	7.13	NA
viralverify	0.657	0.168	7.14	NA
viralverify	0.658	0.168	7.16	NA
viralverify	0.66	0.168	7.17	NA
viralverify	0.661	0.168	7.18	NA
viralverify	0.662	0.168	7.19	NA
viralverify	0.664	0.168	7.23	NA
viralverify	0.658	0.164	7.24	NA
viralverify	0.657	0.164	7.25	NA
viralverify	0.657	0.163	7.29	NA
viralverify	0.656	0.163	7.3	NA
viralverify	0.657	0.162	7.32	NA
viralverify	0.657	0.162	7.38	NA
viralverify	0.656	0.161	7.39	NA
viralverify	0.657	0.161	7.43	NA
viralverify	0.659	0.161	7.44	NA
viralverify	0.658	0.16	7.45	NA
viralverify	0.658	0.16	7.46	NA
viralverify	0.657	0.159	7.48	NA
viralverify	0.658	0.159	7.5	NA
viralverify	0.657	0.159	7.51	NA
viralverify	0.657	0.158	7.55	NA
viralverify	0.656	0.157	7.58	NA
viralverify	0.655	0.156	7.65	NA
viralverify	0.656	0.156	7.69	NA
viralverify	0.657	0.156	7.7	NA
viralverify	0.658	0.156	7.71	NA
viralverify	0.658	0.156	7.72	NA
viralverify	0.656	0.155	7.74	NA
viralverify	0.655	0.154	7.76	NA
viralverify	0.656	0.154	7.77	NA
viralverify	0.655	0.153	7.78	NA
viralverify	0.656	0.153	7.79	NA
viralverify	0.657	0.153	7.8	NA
viralverify	0.659	0.153	7.82	NA
viralverify	0.66	0.153	7.83	NA
viralverify	0.661	0.153	7.85	NA
viralverify	0.661	0.152	7.86	NA
viralverify	0.663	0.152	7.87	NA
viralverify	0.662	0.152	7.89	NA
viralverify	0.661	0.151	7.92	NA
viralverify	0.664	0.151	7.93	NA
viralverify	0.665	0.151	7.94	NA
viralverify	0.666	0.151	7.97	NA
viralverify	0.667	0.151	7.99	NA
viralverify	0.667	0.151	8.0	NA
viralverify	0.665	0.149	8.02	NA
viralverify	0.667	0.149	8.03	NA
viralverify	0.668	0.149	8.05	NA
viralverify	0.669	0.149	8.12	NA
viralverify	0.672	0.149	8.14	NA
viralverify	0.671	0.148	8.15	NA
viralverify	0.67	0.147	8.16	NA
viralverify	0.672	0.147	8.19	NA
viralverify	0.673	0.147	8.21	NA
viralverify	0.673	0.147	8.23	NA
viralverify	0.674	0.147	8.24	NA
viralverify	0.673	0.147	8.25	NA
viralverify	0.673	0.146	8.28	NA
viralverify	0.672	0.145	8.32	NA
viralverify	0.674	0.145	8.33	NA
viralverify	0.673	0.145	8.34	NA
viralverify	0.674	0.145	8.39	NA
viralverify	0.675	0.144	8.41	NA
viralverify	0.674	0.144	8.42	NA
viralverify	0.674	0.143	8.43	NA
viralverify	0.675	0.143	8.44	NA
viralverify	0.677	0.143	8.46	NA
viralverify	0.679	0.143	8.47	NA
viralverify	0.678	0.143	8.49	NA
viralverify	0.679	0.143	8.52	NA
viralverify	0.685	0.143	8.53	NA
viralverify	0.686	0.143	8.56	NA
viralverify	0.689	0.143	8.57	NA
viralverify	0.69	0.143	8.58	NA
viralverify	0.689	0.143	8.61	NA
viralverify	0.691	0.143	8.63	NA
viralverify	0.69	0.142	8.68	NA
viralverify	0.69	0.142	8.72	NA
viralverify	0.691	0.142	8.78	NA
viralverify	0.692	0.141	8.79	NA
viralverify	0.691	0.141	8.8	NA
viralverify	0.693	0.14	8.82	NA
viralverify	0.694	0.14	8.88	NA
viralverify	0.695	0.14	8.91	NA
viralverify	0.697	0.14	8.92	NA
viralverify	0.696	0.14	8.94	NA
viralverify	0.696	0.139	8.95	NA
viralverify	0.697	0.139	8.99	NA
viralverify	0.698	0.139	9.0	NA
viralverify	0.696	0.138	9.01	NA
viralverify	0.695	0.137	9.02	NA
viralverify	0.697	0.137	9.06	NA
viralverify	0.698	0.137	9.12	NA
viralverify	0.699	0.137	9.15	NA
viralverify	0.694	0.134	9.17	NA
viralverify	0.697	0.134	9.18	NA
viralverify	0.698	0.134	9.19	NA
viralverify	0.699	0.133	9.21	NA
viralverify	0.699	0.133	9.23	NA
viralverify	0.698	0.132	9.24	NA
viralverify	0.699	0.132	9.29	NA
viralverify	0.7	0.132	9.3	NA
viralverify	0.7	0.132	9.33	NA
viralverify	0.701	0.132	9.35	NA
viralverify	0.7	0.131	9.37	NA
viralverify	0.703	0.131	9.4	NA
viralverify	0.705	0.131	9.42	NA
viralverify	0.704	0.131	9.43	NA
viralverify	0.705	0.13	9.51	NA
viralverify	0.706	0.13	9.66	NA
viralverify	0.705	0.129	9.67	NA
viralverify	0.704	0.129	9.7	NA
viralverify	0.704	0.128	9.71	NA
viralverify	0.703	0.128	9.75	NA
viralverify	0.704	0.128	9.76	NA
viralverify	0.706	0.128	9.85	NA
viralverify	0.705	0.127	9.93	NA
viralverify	0.703	0.126	9.94	NA
viralverify	0.704	0.126	9.96	NA
viralverify	0.706	0.126	10.06	NA
viralverify	0.707	0.126	10.08	NA
viralverify	0.709	0.126	10.1	NA
viralverify	0.708	0.126	10.11	NA
viralverify	0.709	0.125	10.12	NA
viralverify	0.71	0.125	10.2	NA
viralverify	0.71	0.124	10.21	NA
viralverify	0.711	0.124	10.22	NA
viralverify	0.71	0.124	10.29	NA
viralverify	0.712	0.124	10.3	NA
viralverify	0.711	0.123	10.31	NA
viralverify	0.713	0.123	10.32	NA
viralverify	0.712	0.123	10.38	NA
viralverify	0.709	0.121	10.46	NA
viralverify	0.708	0.12	10.5	NA
viralverify	0.71	0.12	10.51	NA
viralverify	0.711	0.12	10.54	NA
viralverify	0.71	0.119	10.56	NA
viralverify	0.713	0.119	10.59	NA
viralverify	0.713	0.119	10.62	NA
viralverify	0.714	0.119	10.63	NA
viralverify	0.714	0.119	10.64	NA
viralverify	0.706	0.115	10.65	NA
viralverify	0.708	0.115	10.66	NA
viralverify	0.709	0.114	10.7	NA
viralverify	0.708	0.113	10.75	NA
viralverify	0.71	0.113	10.78	NA
viralverify	0.711	0.113	10.82	NA
viralverify	0.712	0.113	10.83	NA
viralverify	0.712	0.113	10.88	NA
viralverify	0.714	0.113	10.92	NA
viralverify	0.715	0.112	10.94	NA
viralverify	0.716	0.112	10.96	NA
viralverify	0.718	0.112	10.99	NA
viralverify	0.719	0.111	11.1	NA
viralverify	0.721	0.111	11.12	NA
viralverify	0.723	0.111	11.2	NA
viralverify	0.722	0.111	11.22	NA
viralverify	0.724	0.111	11.27	NA
viralverify	0.726	0.111	11.28	NA
viralverify	0.725	0.111	11.29	NA
viralverify	0.724	0.11	11.3	NA
viralverify	0.723	0.11	11.31	NA
viralverify	0.723	0.109	11.42	NA
viralverify	0.725	0.109	11.47	NA
viralverify	0.724	0.109	11.48	NA
viralverify	0.722	0.108	11.52	NA
viralverify	0.721	0.107	11.53	NA
viralverify	0.72	0.107	11.55	NA
viralverify	0.719	0.107	11.6	NA
viralverify	0.718	0.106	11.68	NA
viralverify	0.717	0.105	11.73	NA
viralverify	0.716	0.105	11.76	NA
viralverify	0.715	0.105	11.81	NA
viralverify	0.717	0.105	11.82	NA
viralverify	0.717	0.104	11.86	NA
viralverify	0.68	0.088	11.88	NA
viralverify	0.682	0.088	11.91	NA
viralverify	0.685	0.088	11.93	NA
viralverify	0.684	0.087	11.94	NA
viralverify	0.683	0.087	11.97	NA
viralverify	0.682	0.086	12.0	NA
viralverify	0.679	0.086	12.01	NA
viralverify	0.682	0.086	12.03	NA
viralverify	0.684	0.086	12.04	NA
viralverify	0.683	0.085	12.05	NA
viralverify	0.685	0.085	12.06	NA
viralverify	0.687	0.085	12.18	NA
viralverify	0.686	0.085	12.19	NA
viralverify	0.689	0.085	12.21	NA
viralverify	0.688	0.084	12.23	NA
viralverify	0.685	0.084	12.26	NA
viralverify	0.692	0.084	12.34	NA
viralverify	0.691	0.083	12.37	NA
viralverify	0.69	0.083	12.38	NA
viralverify	0.689	0.082	12.4	NA
viralverify	0.692	0.082	12.45	NA
viralverify	0.69	0.082	12.48	NA
viralverify	0.692	0.082	12.56	NA
viralverify	0.691	0.081	12.62	NA
viralverify	0.693	0.081	12.72	NA
viralverify	0.691	0.08	12.74	NA
viralverify	0.693	0.08	12.78	NA
viralverify	0.692	0.08	12.81	NA
viralverify	0.695	0.08	12.88	NA
viralverify	0.694	0.08	12.89	NA
viralverify	0.693	0.079	12.97	NA
viralverify	0.695	0.079	12.98	NA
viralverify	0.694	0.079	13.06	NA
viralverify	0.693	0.078	13.18	NA
viralverify	0.695	0.078	13.2	NA
viralverify	0.694	0.078	13.27	NA
viralverify	0.693	0.078	13.34	NA
viralverify	0.689	0.076	13.35	NA
viralverify	0.691	0.076	13.37	NA
viralverify	0.693	0.075	13.43	NA
viralverify	0.695	0.075	13.54	NA
viralverify	0.698	0.075	13.57	NA
viralverify	0.697	0.075	13.67	NA
viralverify	0.695	0.075	13.94	NA
viralverify	0.694	0.074	14.02	NA
viralverify	0.697	0.074	14.18	NA
viralverify	0.7	0.074	14.21	NA
viralverify	0.702	0.074	14.27	NA
viralverify	0.701	0.074	14.34	NA
viralverify	0.704	0.074	14.39	NA
viralverify	0.702	0.073	14.42	NA
viralverify	0.7	0.073	14.43	NA
viralverify	0.703	0.073	14.62	NA
viralverify	0.702	0.072	14.65	NA
viralverify	0.705	0.072	14.66	NA
viralverify	0.708	0.072	14.74	NA
viralverify	0.706	0.072	14.77	NA
viralverify	0.705	0.071	14.84	NA
viralverify	0.704	0.071	14.88	NA
viralverify	0.707	0.071	14.97	NA
viralverify	0.71	0.071	15.04	NA
viralverify	0.713	0.071	15.05	NA
viralverify	0.711	0.071	15.06	NA
viralverify	0.714	0.071	15.07	NA
viralverify	0.713	0.07	15.1	NA
viralverify	0.712	0.07	15.11	NA
viralverify	0.715	0.07	15.13	NA
viralverify	0.714	0.069	15.14	NA
viralverify	0.717	0.069	15.22	NA
viralverify	0.715	0.069	15.31	NA
viralverify	0.718	0.069	15.33	NA
viralverify	0.717	0.069	15.45	NA
viralverify	0.716	0.068	15.6	NA
viralverify	0.715	0.068	15.62	NA
viralverify	0.718	0.068	15.67	NA
viralverify	0.721	0.068	15.71	NA
viralverify	0.72	0.067	15.77	NA
viralverify	0.719	0.067	15.85	NA
viralverify	0.722	0.067	15.92	NA
viralverify	0.724	0.067	16.0	NA
viralverify	0.727	0.067	16.07	NA
viralverify	0.726	0.066	16.15	NA
viralverify	0.724	0.066	16.17	NA
viralverify	0.728	0.066	16.19	NA
viralverify	0.731	0.066	16.23	NA
viralverify	0.73	0.065	16.34	NA
viralverify	0.729	0.065	16.37	NA
viralverify	0.727	0.065	16.38	NA
viralverify	0.724	0.063	16.41	NA
viralverify	0.727	0.063	16.44	NA
viralverify	0.73	0.063	16.46	NA
viralverify	0.734	0.063	16.57	NA
viralverify	0.732	0.063	16.64	NA
viralverify	0.729	0.062	16.75	NA
viralverify	0.732	0.062	16.82	NA
viralverify	0.736	0.062	16.83	NA
viralverify	0.739	0.062	16.87	NA
viralverify	0.738	0.061	16.93	NA
viralverify	0.737	0.061	16.94	NA
viralverify	0.74	0.061	16.99	NA
viralverify	0.744	0.061	17.03	NA
viralverify	0.748	0.061	17.19	NA
viralverify	0.751	0.061	17.23	NA
viralverify	0.755	0.061	17.26	NA
viralverify	0.754	0.061	17.28	NA
viralverify	0.758	0.061	17.38	NA
viralverify	0.761	0.061	17.43	NA
viralverify	0.765	0.061	17.48	NA
viralverify	0.769	0.061	17.55	NA
viralverify	0.773	0.061	17.63	NA
viralverify	0.772	0.06	17.68	NA
viralverify	0.776	0.06	17.85	NA
viralverify	0.775	0.06	18.0	NA
viralverify	0.779	0.06	18.03	NA
viralverify	0.783	0.06	18.07	NA
viralverify	0.787	0.06	18.12	NA
viralverify	0.786	0.059	18.25	NA
viralverify	0.785	0.059	18.31	NA
viralverify	0.784	0.059	18.34	NA
viralverify	0.783	0.058	18.36	NA
viralverify	0.781	0.058	18.53	NA
viralverify	0.78	0.057	18.63	NA
viralverify	0.785	0.057	18.76	NA
viralverify	0.783	0.057	18.93	NA
viralverify	0.782	0.057	18.96	NA
viralverify	0.781	0.056	19.07	NA
viralverify	0.78	0.056	19.41	NA
viralverify	0.778	0.055	19.65	NA
viralverify	0.787	0.055	19.79	NA
viralverify	0.785	0.055	19.84	NA
viralverify	0.782	0.054	19.87	NA
viralverify	0.781	0.053	19.89	NA
viralverify	0.786	0.053	20.07	NA
viralverify	0.79	0.053	20.26	NA
viralverify	0.789	0.053	20.32	NA
viralverify	0.794	0.053	20.34	NA
viralverify	0.793	0.052	20.46	NA
viralverify	0.791	0.052	20.48	NA
viralverify	0.79	0.052	20.51	NA
viralverify	0.789	0.051	20.52	NA
viralverify	0.788	0.051	20.65	NA
viralverify	0.792	0.051	20.67	NA
viralverify	0.797	0.051	20.94	NA
viralverify	0.796	0.05	21.38	NA
viralverify	0.795	0.05	21.46	NA
viralverify	0.8	0.05	21.58	NA
viralverify	0.799	0.05	21.63	NA
viralverify	0.795	0.048	21.93	NA
viralverify	0.8	0.048	22.04	NA
viralverify	0.797	0.048	22.21	NA
viralverify	0.796	0.047	22.22	NA
viralverify	0.795	0.047	22.37	NA
viralverify	0.8	0.047	22.43	NA
viralverify	0.799	0.046	22.5	NA
viralverify	0.804	0.046	22.59	NA
viralverify	0.803	0.046	22.67	NA
viralverify	0.807	0.046	22.68	NA
viralverify	0.797	0.043	22.85	NA
viralverify	0.792	0.042	22.86	NA
viralverify	0.798	0.042	22.94	NA
viralverify	0.797	0.041	23.3	NA
viralverify	0.795	0.041	23.41	NA
viralverify	0.794	0.04	23.44	NA
viralverify	0.8	0.04	23.53	NA
viralverify	0.806	0.04	23.65	NA
viralverify	0.813	0.04	23.73	NA
viralverify	0.811	0.04	23.8	NA
viralverify	0.81	0.04	23.97	NA
viralverify	0.808	0.039	24.02	NA
viralverify	0.807	0.039	24.04	NA
viralverify	0.803	0.038	24.35	NA
viralverify	0.802	0.038	24.39	NA
viralverify	0.809	0.038	24.42	NA
viralverify	0.816	0.038	24.61	NA
viralverify	0.814	0.037	24.71	NA
viralverify	0.812	0.037	24.87	NA
viralverify	0.811	0.036	25.36	NA
viralverify	0.818	0.036	25.39	NA
viralverify	0.815	0.036	25.48	NA
viralverify	0.822	0.036	25.71	NA
viralverify	0.821	0.035	25.8	NA
viralverify	0.817	0.034	25.92	NA
viralverify	0.816	0.034	26.01	NA
viralverify	0.808	0.032	26.18	NA
viralverify	0.816	0.032	26.41	NA
viralverify	0.814	0.032	26.43	NA
viralverify	0.812	0.031	26.59	NA
viralverify	0.811	0.031	26.76	NA
viralverify	0.809	0.031	26.9	NA
viralverify	0.806	0.03	27.0	NA
viralverify	0.802	0.029	27.05	NA
viralverify	0.788	0.027	27.59	NA
viralverify	0.783	0.026	27.93	NA
viralverify	0.78	0.026	28.07	NA
viralverify	0.778	0.025	28.19	NA
viralverify	0.772	0.025	28.23	NA
viralverify	0.76	0.023	28.47	NA
viralverify	0.757	0.023	28.56	NA
viralverify	0.75	0.022	28.94	NA
viralverify	0.746	0.021	28.99	NA
viralverify	0.757	0.021	29.15	NA
viralverify	0.754	0.021	29.44	NA
viralverify	0.75	0.021	29.85	NA
viralverify	0.746	0.02	30.1	NA
viralverify	0.742	0.02	30.22	NA
viralverify	0.738	0.019	30.59	NA
viralverify	0.734	0.019	30.61	NA
viralverify	0.746	0.019	30.72	NA
viralverify	0.758	0.019	31.1	NA
viralverify	0.754	0.019	31.2	NA
viralverify	0.75	0.018	31.22	NA
viralverify	0.746	0.018	31.25	NA
viralverify	0.759	0.018	31.41	NA
viralverify	0.75	0.017	31.61	NA
viralverify	0.745	0.017	31.74	NA
viralverify	0.741	0.016	32.8	NA
viralverify	0.736	0.016	32.89	NA
viralverify	0.725	0.015	33.34	NA
viralverify	0.72	0.015	33.37	NA
viralverify	0.714	0.014	34.01	NA
viralverify	0.708	0.014	34.25	NA
viralverify	0.723	0.014	34.76	NA
viralverify	0.739	0.014	34.91	NA
viralverify	0.727	0.013	35.31	NA
viralverify	0.744	0.013	35.46	NA
viralverify	0.738	0.013	35.61	NA
viralverify	0.732	0.012	36.07	NA
viralverify	0.718	0.011	36.99	NA
viralverify	0.711	0.011	38.94	NA
viralverify	0.75	0.011	40.25	NA
viralverify	0.743	0.01	40.4	NA
viralverify	0.765	0.01	40.52	NA
viralverify	0.758	0.01	41.67	NA
viralverify	0.75	0.01	41.92	NA
viralverify	0.742	0.009	42.28	NA
viralverify	0.714	0.008	42.57	NA
viralverify	0.704	0.008	42.72	NA
viralverify	0.731	0.008	43.04	NA
viralverify	0.72	0.007	43.46	NA
viralverify	0.696	0.006	44.36	NA
viralverify	0.682	0.006	45.33	NA
viralverify	0.714	0.006	47.1	NA
viralverify	0.7	0.006	47.16	NA
viralverify	0.737	0.006	47.3	NA
viralverify	0.722	0.005	47.88	NA
viralverify	0.688	0.004	48.56	NA
viralverify	0.667	0.004	53.6	NA
viralverify	0.643	0.004	58.99	NA
viralverify	0.545	0.002	63.83	NA
viralverify	0.5	0.002	67.31	NA
viralverify	0.375	0.001	78.84	NA
viralverify	0.286	0.001	84.0	NA
viralverify	0.167	0.0	107.96	NA
viralverify	0.0	0.0	135.97	NA
viralverify	0.0	0.0	139.94	NA
viralverify	0.0	0.0	173.49	NA
viralverify	0.0	0.0	175.51	NA
